Lua Diagnostics | Errors: 0 | Warnings: 1235 | EmmyLua Types: /workspace/.emmylua
Info: 0 | Hints: 416 | Total: 1651 | Time: 2026-06-15 15:15:31 | Dir: /workspace/scripts
---
WARN  | AudioManager.lua:161:8 | Unnecessary `if` statement: this condition is always truthy [unnecessary-if]
WARN  | AudioManager.lua:203:12 | Unnecessary `if` statement: this condition is always truthy [unnecessary-if]
WARN  | AudioManager.lua:256:8 | Impossible `if` statement: this condition is always falsy [unnecessary-if]
WARN  | AudioManager.lua:265:8 | Impossible `if` statement: this condition is always falsy [unnecessary-if]
WARN  | AudioManager.lua:175:43 | pitch value may be nil [need-check-nil]
WARN  | AudioManager.lua:177:43 | pitch value may be nil [need-check-nil]
WARN  | Battle.lua:66:8 | Impossible `if` statement: this condition is always falsy [unnecessary-if]
WARN  | Battle.lua:470:8 | Impossible `if` statement: this condition is always falsy [unnecessary-if]
WARN  | Battle.lua:560:8 | Impossible `if` statement: this condition is always falsy [unnecessary-if]
WARN  | Battle.lua:664:8 | Impossible `if` statement: this condition is always falsy [unnecessary-if]
WARN  | Battle.lua:821:8 | Impossible `if` statement: this condition is always falsy [unnecessary-if]
WARN  | Battle.lua:927:8 | Impossible `if` statement: this condition is always falsy [unnecessary-if]
WARN  | Battle.lua:1176:8 | Impossible `if` statement: this condition is always falsy [unnecessary-if]
WARN  | Battle.lua:1280:8 | Impossible `if` statement: this condition is always falsy [unnecessary-if]
WARN  | Battle.lua:1374:8 | Impossible `if` statement: this condition is always falsy [unnecessary-if]
WARN  | Battle.lua:1438:12 | Impossible `if` statement: this condition is always falsy [unnecessary-if]
WARN  | Battle.lua:1441:16 | Impossible `if` statement: this condition is always falsy [unnecessary-if]
WARN  | Battle.lua:1481:12 | Impossible `if` statement: this condition is always falsy [unnecessary-if]
WARN  | Battle.lua:1654:12 | Impossible `if` statement: this condition is always falsy [unnecessary-if]
WARN  | Battle.lua:1928:20 | Impossible `if` statement: this condition is always falsy [unnecessary-if]
WARN  | Battle.lua:2182:20 | Impossible `if` statement: this condition is always falsy [unnecessary-if]
WARN  | Battle.lua:2346:12 | Impossible `if` statement: this condition is always falsy [unnecessary-if]
WARN  | Battle.lua:2752:16 | Impossible `if` statement: this condition is always falsy [unnecessary-if]
WARN  | Battle.lua:3047:8 | Impossible `if` statement: this condition is always falsy [unnecessary-if]
WARN  | Battle.lua:3209:8 | Impossible `if` statement: this condition is always falsy [unnecessary-if]
WARN  | Battle.lua:3235:8 | Impossible `if` statement: this condition is always falsy [unnecessary-if]
WARN  | Battle.lua:3254:12 | Impossible `if` statement: this condition is always falsy [unnecessary-if]
WARN  | Battle.lua:5051:12 | Impossible `if` statement: this condition is always falsy [unnecessary-if]
WARN  | Battle.lua:5870:16 | Unnecessary `if` statement: this condition is always truthy [unnecessary-if]
WARN  | Battle.lua:6678:8 | Impossible `if` statement: this condition is always falsy [unnecessary-if]
WARN  | Battle.lua:6711:16 | Impossible `if` statement: this condition is always falsy [unnecessary-if]
WARN  | Battle.lua:6830:12 | Impossible `if` statement: this condition is always falsy [unnecessary-if]
WARN  | Battle.lua:6859:16 | Impossible `if` statement: this condition is always falsy [unnecessary-if]
WARN  | Battle.lua:6944:12 | Impossible `if` statement: this condition is always falsy [unnecessary-if]
WARN  | Battle.lua:7061:12 | Impossible `if` statement: this condition is always falsy [unnecessary-if]
WARN  | Battle.lua:7091:16 | Impossible `if` statement: this condition is always falsy [unnecessary-if]
WARN  | Battle.lua:7176:12 | Impossible `if` statement: this condition is always falsy [unnecessary-if]
WARN  | Battle.lua:7264:8 | Impossible `if` statement: this condition is always falsy [unnecessary-if]
WARN  | Battle.lua:7268:16 | Impossible `if` statement: this condition is always falsy [unnecessary-if]
WARN  | Battle.lua:7284:12 | Impossible `if` statement: this condition is always falsy [unnecessary-if]
WARN  | Battle.lua:7355:12 | Impossible `if` statement: this condition is always falsy [unnecessary-if]
WARN  | Battle.lua:7525:8 | Impossible `if` statement: this condition is always falsy [unnecessary-if]
WARN  | Battle.lua:7610:12 | Impossible `if` statement: this condition is always falsy [unnecessary-if]
WARN  | Battle.lua:7714:12 | Impossible `if` statement: this condition is always falsy [unnecessary-if]
WARN  | Battle.lua:7784:12 | Impossible `if` statement: this condition is always falsy [unnecessary-if]
WARN  | Battle.lua:7920:16 | Impossible `if` statement: this condition is always falsy [unnecessary-if]
WARN  | Battle.lua:5555:75 | expected `boolean` but found `nil`. [param-type-mismatch]
WARN  | Battle.lua:5567:79 | expected `boolean` but found `nil`. [param-type-mismatch]
WARN  | Battle.lua:5576:75 | expected `boolean` but found `nil`. [param-type-mismatch]
WARN  | Battle.lua:1010:23 | pos may be nil [need-check-nil]
WARN  | Battle.lua:1010:41 | pos may be nil [need-check-nil]
WARN  | Battle.lua:1013:53 | pos may be nil [need-check-nil]
WARN  | Battle.lua:1013:62 | pos may be nil [need-check-nil]
WARN  | Battle.lua:1076:46 | pot may be nil [need-check-nil]
WARN  | Battle.lua:1076:61 | pot may be nil [need-check-nil]
WARN  | Battle.lua:1125:46 | pot may be nil [need-check-nil]
WARN  | Battle.lua:1125:61 | pot may be nil [need-check-nil]
WARN  | Battle.lua:1862:22 | pos may be nil [need-check-nil]
WARN  | Battle.lua:1862:31 | pos may be nil [need-check-nil]
WARN  | Battle.lua:1865:57 | pos may be nil [need-check-nil]
WARN  | Battle.lua:1865:66 | pos may be nil [need-check-nil]
WARN  | Battle.lua:3382:34 | pick may be nil [need-check-nil]
WARN  | Battle.lua:3382:50 | pick may be nil [need-check-nil]
WARN  | Battle.lua:3383:35 | pick may be nil [need-check-nil]
WARN  | Battle.lua:3383:45 | pick may be nil [need-check-nil]
WARN  | Battle.lua:3385:53 | pick may be nil [need-check-nil]
WARN  | Battle.lua:3385:69 | pick may be nil [need-check-nil]
WARN  | Battle.lua:3976:63 | slot may be nil [need-check-nil]
WARN  | Battle.lua:3976:73 | slot may be nil [need-check-nil]
WARN  | Battle.lua:3986:27 | slot may be nil [need-check-nil]
WARN  | Battle.lua:3986:43 | slot may be nil [need-check-nil]
WARN  | Battle.lua:4498:24 | old may be nil [need-check-nil]
WARN  | Battle.lua:4498:48 | old may be nil [need-check-nil]
WARN  | Battle.lua:4500:39 | old may be nil [need-check-nil]
WARN  | Battle.lua:4500:58 | old may be nil [need-check-nil]
WARN  | Battle.lua:4672:20 | nb may be nil [need-check-nil]
WARN  | Battle.lua:4672:48 | nb may be nil [need-check-nil]
WARN  | Battle.lua:4673:52 | nb may be nil [need-check-nil]
WARN  | Battle.lua:4673:60 | nb may be nil [need-check-nil]
WARN  | Battle.lua:4674:66 | nb may be nil [need-check-nil]
WARN  | Battle.lua:4674:74 | nb may be nil [need-check-nil]
WARN  | Battle.lua:4713:65 | slot may be nil [need-check-nil]
WARN  | Battle.lua:4713:75 | slot may be nil [need-check-nil]
WARN  | Battle.lua:4735:27 | slot may be nil [need-check-nil]
WARN  | Battle.lua:4735:43 | slot may be nil [need-check-nil]
WARN  | Battle.lua:5467:23 | pos may be nil [need-check-nil]
WARN  | Battle.lua:5467:38 | pos may be nil [need-check-nil]
WARN  | Battle.lua:5481:23 | pos may be nil [need-check-nil]
WARN  | Battle.lua:5481:38 | pos may be nil [need-check-nil]
WARN  | Battle.lua:5484:17 | pos may be nil [need-check-nil]
WARN  | Battle.lua:5484:26 | pos may be nil [need-check-nil]
WARN  | Battle.lua:6225:42 | pos may be nil [need-check-nil]
WARN  | Battle.lua:6225:57 | pos may be nil [need-check-nil]
WARN  | Battle.lua:6747:21 | dest may be nil [need-check-nil]
WARN  | Battle.lua:6748:21 | dest may be nil [need-check-nil]
WARN  | Battle.lua:6752:19 | dest may be nil [need-check-nil]
WARN  | Battle.lua:6752:35 | dest may be nil [need-check-nil]
WARN  | Battle.lua:6756:39 | dest may be nil [need-check-nil]
WARN  | Battle.lua:6756:49 | dest may be nil [need-check-nil]
WARN  | Battle.lua:6798:23 | dest may be nil [need-check-nil]
WARN  | Battle.lua:6798:43 | dest may be nil [need-check-nil]
WARN  | Battle.lua:7347:20 | Undefined field `DamageHero`. [undefined-field]
WARN  | Battle.lua:1846:31 | Cannot assign `number` to `integer`. [assign-type-mismatch]
WARN  | Battle.lua:3832:19 | Cannot assign `number` to `integer`. [assign-type-mismatch]
WARN  | Battle.lua:3901:5 | Cannot assign `number` to `integer`. [assign-type-mismatch]
WARN  | Battle.lua:4057:9 | Cannot assign `number` to `integer`. [assign-type-mismatch]
WARN  | Battle.lua:4062:19 | Cannot assign `number` to `integer`. [assign-type-mismatch]
WARN  | Battle.lua:4137:27 | Cannot assign `number` to `integer`. [assign-type-mismatch]
WARN  | Battle.lua:4854:13 | Cannot assign `number` to `integer`. [assign-type-mismatch]
WARN  | Battle.lua:5399:25 | Cannot assign `number` to `integer`. [assign-type-mismatch]
WARN  | Battle.lua:5562:33 | Cannot assign `number` to `integer`. [assign-type-mismatch]
WARN  | Battle.lua:5610:17 | Cannot assign `number` to `integer`. [assign-type-mismatch]
WARN  | Battle.lua:5620:15 | Cannot assign `number` to `integer`. [assign-type-mismatch]
WARN  | Battle.lua:5630:19 | Cannot assign `number` to `integer`. [assign-type-mismatch]
WARN  | Battle.lua:5682:25 | Cannot assign `number` to `integer`. [assign-type-mismatch]
WARN  | Battle.lua:5685:25 | Cannot assign `number` to `integer`. [assign-type-mismatch]
WARN  | Battle.lua:6262:13 | Cannot assign `number` to `integer`. [assign-type-mismatch]
WARN  | Battle.lua:6370:17 | Cannot assign `number` to `integer`. [assign-type-mismatch]
WARN  | Battle.lua:6573:23 | Cannot assign `number` to `integer`. [assign-type-mismatch]
WARN  | Battle.lua:6583:23 | Cannot assign `number` to `integer`. [assign-type-mismatch]
WARN  | Battle.lua:6652:31 | Cannot assign `number` to `integer`. [assign-type-mismatch]
WARN  | Battle.lua:6772:23 | Cannot assign `number` to `integer`. [assign-type-mismatch]
WARN  | Battle.lua:6886:23 | Cannot assign `number` to `integer`. [assign-type-mismatch]
WARN  | Battle.lua:6983:23 | Cannot assign `number` to `integer`. [assign-type-mismatch]
WARN  | Battle.lua:7118:23 | Cannot assign `number` to `integer`. [assign-type-mismatch]
WARN  | Battle.lua:7229:15 | Cannot assign `number` to `integer`. [assign-type-mismatch]
WARN  | Battle.lua:7426:23 | Cannot assign `number` to `integer`. [assign-type-mismatch]
WARN  | Battle.lua:7433:23 | Cannot assign `number` to `integer`. [assign-type-mismatch]
WARN  | Battle.lua:7492:23 | Cannot assign `number` to `integer`. [assign-type-mismatch]
WARN  | Battle.lua:7499:23 | Cannot assign `number` to `integer`. [assign-type-mismatch]
WARN  | Battle.lua:7562:23 | Cannot assign `number` to `integer`. [assign-type-mismatch]
WARN  | Battle.lua:7568:23 | Cannot assign `number` to `integer`. [assign-type-mismatch]
WARN  | Battle.lua:7646:23 | Cannot assign `number` to `integer`. [assign-type-mismatch]
WARN  | Battle.lua:7652:23 | Cannot assign `number` to `integer`. [assign-type-mismatch]
WARN  | Battle.lua:7686:23 | Cannot assign `number` to `integer`. [assign-type-mismatch]
WARN  | Battle.lua:7692:23 | Cannot assign `number` to `integer`. [assign-type-mismatch]
WARN  | Battle.lua:7746:23 | Cannot assign `number` to `integer`. [assign-type-mismatch]
WARN  | Battle.lua:7752:23 | Cannot assign `number` to `integer`. [assign-type-mismatch]
WARN  | BattleBoss.lua:682:12 | Impossible `if` statement: this condition is always falsy [unnecessary-if]
WARN  | BattleBoss.lua:1066:16 | Impossible `if` statement: this condition is always falsy [unnecessary-if]
WARN  | BattleBoss.lua:1261:8 | Impossible `if` statement: this condition is always falsy [unnecessary-if]
WARN  | BattleBoss.lua:1752:8 | Impossible `if` statement: this condition is always falsy [unnecessary-if]
WARN  | BattleBoss.lua:1543:36 | emergeSpot may be nil [need-check-nil]
WARN  | BattleBoss.lua:1544:36 | emergeSpot may be nil [need-check-nil]
WARN  | BattleBoss.lua:1546:41 | emergeSpot may be nil [need-check-nil]
WARN  | BattleBoss.lua:1546:63 | emergeSpot may be nil [need-check-nil]
WARN  | BattleBoss.lua:1547:56 | emergeSpot may be nil [need-check-nil]
WARN  | BattleBoss.lua:1547:72 | emergeSpot may be nil [need-check-nil]
WARN  | BattleBoss.lua:1554:23 | emergeSpot may be nil [need-check-nil]
WARN  | BattleBoss.lua:1555:23 | emergeSpot may be nil [need-check-nil]
WARN  | BattleBoss.lua:1559:36 | emergeSpot may be nil [need-check-nil]
WARN  | BattleBoss.lua:1559:52 | emergeSpot may be nil [need-check-nil]
WARN  | BattleBoss.lua:1715:34 | dest may be nil [need-check-nil]
WARN  | BattleBoss.lua:1715:44 | dest may be nil [need-check-nil]
WARN  | BattleBoss.lua:323:11 | Cannot assign `number` to `integer`. [assign-type-mismatch]
WARN  | BattleBoss.lua:323:16 | Cannot assign `number` to `integer`. [assign-type-mismatch]
WARN  | BattleBoss.lua:323:21 | Cannot assign `number` to `integer`. [assign-type-mismatch]
WARN  | BattleBoss.lua:612:11 | Cannot assign `number` to `integer`. [assign-type-mismatch]
WARN  | BattleBoss.lua:955:15 | Cannot assign `number` to `integer`. [assign-type-mismatch]
WARN  | BattleBoss.lua:1295:11 | Cannot assign `number` to `integer`. [assign-type-mismatch]
WARN  | BattleBoss.lua:1295:18 | Cannot assign `number` to `integer`. [assign-type-mismatch]
WARN  | BattleBoss.lua:1295:25 | Cannot assign `number` to `integer`. [assign-type-mismatch]
WARN  | BattleBoss.lua:1305:19 | Cannot assign `number` to `integer`. [assign-type-mismatch]
WARN  | BattleBoss.lua:1306:19 | Cannot assign `number` to `integer`. [assign-type-mismatch]
WARN  | BattleBoss.lua:1307:19 | Cannot assign `number` to `integer`. [assign-type-mismatch]
WARN  | BattleBoss.lua:1779:15 | Cannot assign `number` to `integer`. [assign-type-mismatch]
WARN  | BoardWidget.lua:133:8 | Impossible `if` statement: this condition is always falsy [unnecessary-if]
WARN  | BoardWidget.lua:275:12 | Impossible `if` statement: this condition is always falsy [unnecessary-if]
WARN  | BoardWidget.lua:406:16 | Impossible `if` statement: this condition is always falsy [unnecessary-if]
WARN  | BoardWidget.lua:500:12 | Impossible `if` statement: this condition is always falsy [unnecessary-if]
WARN  | BoardWidget.lua:551:20 | Impossible `if` statement: this condition is always falsy [unnecessary-if]
WARN  | BoardWidget.lua:587:20 | Impossible `if` statement: this condition is always falsy [unnecessary-if]
WARN  | BoardWidget.lua:2042:20 | Unnecessary `if` statement: this condition is always truthy [unnecessary-if]
WARN  | BoardWidget.lua:2155:12 | Unnecessary `if` statement: this condition is always truthy [unnecessary-if]
WARN  | BoardWidget.lua:2365:20 | Impossible `if` statement: this condition is always falsy [unnecessary-if]
WARN  | BoardWidget.lua:2837:24 | Impossible `if` statement: this condition is always falsy [unnecessary-if]
WARN  | BoardWidget.lua:2872:20 | Impossible `if` statement: this condition is always falsy [unnecessary-if]
WARN  | BoardWidget.lua:2900:16 | Impossible `if` statement: this condition is always falsy [unnecessary-if]
WARN  | BoardWidget.lua:3296:16 | Unnecessary `if` statement: this condition is always truthy [unnecessary-if]
WARN  | BoardWidget.lua:4520:16 | Unnecessary `if` statement: this condition is always truthy [unnecessary-if]
WARN  | BoardWidget.lua:4580:12 | Impossible `if` statement: this condition is always falsy [unnecessary-if]
WARN  | BoardWidget.lua:286:25 | clr may be nil [need-check-nil]
WARN  | BoardWidget.lua:286:33 | clr may be nil [need-check-nil]
WARN  | BoardWidget.lua:286:41 | clr may be nil [need-check-nil]
WARN  | BoardWidget.lua:287:25 | clr may be nil [need-check-nil]
WARN  | BoardWidget.lua:287:33 | clr may be nil [need-check-nil]
WARN  | BoardWidget.lua:287:41 | clr may be nil [need-check-nil]
WARN  | BoardWidget.lua:295:39 | clr may be nil [need-check-nil]
WARN  | BoardWidget.lua:295:47 | clr may be nil [need-check-nil]
WARN  | BoardWidget.lua:295:55 | clr may be nil [need-check-nil]
WARN  | BoardWidget.lua:311:41 | clr may be nil [need-check-nil]
WARN  | BoardWidget.lua:311:49 | clr may be nil [need-check-nil]
WARN  | BoardWidget.lua:311:57 | clr may be nil [need-check-nil]
WARN  | BoardWidget.lua:332:25 | clr may be nil [need-check-nil]
WARN  | BoardWidget.lua:332:33 | clr may be nil [need-check-nil]
WARN  | BoardWidget.lua:332:41 | clr may be nil [need-check-nil]
WARN  | BoardWidget.lua:333:25 | clr may be nil [need-check-nil]
WARN  | BoardWidget.lua:333:33 | clr may be nil [need-check-nil]
WARN  | BoardWidget.lua:333:41 | clr may be nil [need-check-nil]
WARN  | BoardWidget.lua:929:29 | offsets[i] value may be nil [need-check-nil]
WARN  | BoardWidget.lua:931:32 | heights[i] value may be nil [need-check-nil]
WARN  | BoardWidget.lua:2360:45 | prev may be nil [need-check-nil]
WARN  | BoardWidget.lua:2360:55 | prev may be nil [need-check-nil]
WARN  | BoardWidget.lua:3053:45 | cy value may be nil [need-check-nil]
WARN  | BoardWidget.lua:3080:26 | cy value may be nil [need-check-nil]
WARN  | BoardWidget.lua:3089:36 | cy value may be nil [need-check-nil]
WARN  | BoardWidget.lua:3145:32 | cy value may be nil [need-check-nil]
WARN  | BoardWidget.lua:3702:26 | hy value may be nil [need-check-nil]
WARN  | BoardWidget.lua:3742:21 | hy value may be nil [need-check-nil]
WARN  | BoardWidget.lua:3821:31 | ey value may be nil [need-check-nil]
WARN  | BoardWidget.lua:3905:26 | hy value may be nil [need-check-nil]
WARN  | BoardWidget.lua:3920:43 | hy value may be nil [need-check-nil]
WARN  | BoardWidget.lua:3925:26 | hy value may be nil [need-check-nil]
WARN  | BoardWidget.lua:3995:47 | m may be nil [need-check-nil]
WARN  | BoardWidget.lua:3995:54 | m may be nil [need-check-nil]
WARN  | BoardWidget.lua:4002:47 | j may be nil [need-check-nil]
WARN  | BoardWidget.lua:4002:54 | j may be nil [need-check-nil]
WARN  | BoardWidget.lua:168:10 | Undefined field `RenderFullBackground`. [undefined-field]
WARN  | BoardWidget.lua:169:20 | Undefined field `GetAbsoluteLayout`. [undefined-field]
WARN  | BoardWidget.lua:2814:44 | Undefined field `dt`. [undefined-field]
WARN  | BoardWidget.lua:2822:22 | Undefined field `dt`. [undefined-field]
WARN  | BoardWidget.lua:2858:22 | Undefined field `dt`. [undefined-field]
WARN  | BoardWidget.lua:4260:20 | Undefined field `GetAbsoluteLayout`. [undefined-field]
WARN  | BoardWidget.lua:4437:25 | Undefined field `GetAbsoluteLayout`. [undefined-field]
WARN  | BoardWidget.lua:4447:24 | Undefined field `GetAbsoluteLayout`. [undefined-field]
WARN  | BoardWidget.lua:4499:20 | Undefined field `GetAbsoluteLayout`. [undefined-field]
WARN  | BoardWidget.lua:387:9 | Cannot assign `number` to `integer`. [assign-type-mismatch]
WARN  | BoardWidget.lua:388:9 | Cannot assign `number` to `integer`. [assign-type-mismatch]
WARN  | BoardWidget.lua:1202:21 | Cannot assign `number` to `integer`. [assign-type-mismatch]
WARN  | BoardWidget.lua:1204:21 | Cannot assign `number` to `integer`. [assign-type-mismatch]
WARN  | BoardWidget.lua:1803:37 | Cannot assign `number` to `integer`. [assign-type-mismatch]
WARN  | BoardWidget.lua:4455:9 | Cannot assign `number` to `integer`. [assign-type-mismatch]
WARN  | BoardWidget.lua:4456:9 | Cannot assign `number` to `integer`. [assign-type-mismatch]
WARN  | BoardWidget.lua:4458:15 | Cannot assign `number` to `integer`. [assign-type-mismatch]
WARN  | BoardWidget.lua:4459:15 | Cannot assign `number` to `integer`. [assign-type-mismatch]
WARN  | BoardWidget.lua:4460:9 | Cannot assign `number` to `integer`. [assign-type-mismatch]
WARN  | BoardWidget.lua:4461:9 | Cannot assign `number` to `integer`. [assign-type-mismatch]
WARN  | BoardWidget.lua:4463:15 | Cannot assign `number` to `integer`. [assign-type-mismatch]
WARN  | BoardWidget.lua:4510:11 | Cannot assign `number` to `integer`. [assign-type-mismatch]
WARN  | BoardWidget.lua:4511:11 | Cannot assign `number` to `integer`. [assign-type-mismatch]
WARN  | BoardWidget.lua:4577:9 | Cannot assign `number` to `integer`. [assign-type-mismatch]
WARN  | BoardWidget.lua:4581:13 | Cannot assign `number` to `integer`. [assign-type-mismatch]
WARN  | BoardWidget.lua:4593:15 | Cannot assign `number` to `integer`. [assign-type-mismatch]
WARN  | BoardWidget_Overlays.lua:33:8 | Unnecessary `if` statement: this condition is always truthy [unnecessary-if]
WARN  | BoardWidget_Overlays.lua:48:8 | Unnecessary `if` statement: this condition is always truthy [unnecessary-if]
WARN  | BoardWidget_Overlays.lua:219:16 | Unnecessary `if` statement: this condition is always truthy [unnecessary-if]
WARN  | BoardWidget_Overlays.lua:801:8 | Impossible `if` statement: this condition is always falsy [unnecessary-if]
WARN  | BoardWidget_Overlays.lua:42:27 | expected `integer` but found `number`. [param-type-mismatch]
WARN  | BoardWidget_Overlays.lua:130:27 | expected `integer` but found `number`. [param-type-mismatch]
WARN  | BoardWidget_Overlays.lua:182:31 | expected `integer` but found `number`. [param-type-mismatch]
WARN  | BoardWidget_Overlays.lua:213:31 | expected `integer` but found `number`. [param-type-mismatch]
WARN  | BoardWidget_Overlays.lua:234:35 | expected `integer` but found `number`. [param-type-mismatch]
WARN  | BoardWidget_Overlays.lua:311:27 | expected `integer` but found `number`. [param-type-mismatch]
WARN  | BoardWidget_Overlays.lua:483:31 | expected `integer` but found `number`. [param-type-mismatch]
WARN  | BoardWidget_Overlays.lua:525:27 | expected `integer` but found `number`. [param-type-mismatch]
WARN  | BoardWidget_Overlays.lua:530:27 | expected `integer` but found `number`. [param-type-mismatch]
WARN  | BoardWidget_Overlays.lua:583:25 | expected `number` but found `never`. [param-type-mismatch]
WARN  | BoardWidget_Overlays.lua:583:29 | expected `number` but found `never`. [param-type-mismatch]
WARN  | BoardWidget_Overlays.lua:583:33 | expected `number` but found `never`. [param-type-mismatch]
WARN  | BoardWidget_Overlays.lua:584:25 | expected `number` but found `never`. [param-type-mismatch]
WARN  | BoardWidget_Overlays.lua:584:29 | expected `number` but found `never`. [param-type-mismatch]
WARN  | BoardWidget_Overlays.lua:584:33 | expected `number` but found `never`. [param-type-mismatch]
WARN  | BoardWidget_Overlays.lua:595:29 | expected `number` but found `never`. [param-type-mismatch]
WARN  | BoardWidget_Overlays.lua:595:33 | expected `number` but found `never`. [param-type-mismatch]
WARN  | BoardWidget_Overlays.lua:595:37 | expected `number` but found `never`. [param-type-mismatch]
WARN  | BoardWidget_Overlays.lua:596:29 | expected `number` but found `never`. [param-type-mismatch]
WARN  | BoardWidget_Overlays.lua:596:33 | expected `number` but found `never`. [param-type-mismatch]
WARN  | BoardWidget_Overlays.lua:596:37 | expected `number` but found `never`. [param-type-mismatch]
WARN  | BoardWidget_Overlays.lua:603:29 | expected `number` but found `never`. [param-type-mismatch]
WARN  | BoardWidget_Overlays.lua:603:33 | expected `number` but found `never`. [param-type-mismatch]
WARN  | BoardWidget_Overlays.lua:603:37 | expected `number` but found `never`. [param-type-mismatch]
WARN  | BoardWidget_Overlays.lua:604:29 | expected `number` but found `never`. [param-type-mismatch]
WARN  | BoardWidget_Overlays.lua:604:33 | expected `number` but found `never`. [param-type-mismatch]
WARN  | BoardWidget_Overlays.lua:604:37 | expected `number` but found `never`. [param-type-mismatch]
WARN  | BoardWidget_Overlays.lua:611:39 | expected `number` but found `never`. [param-type-mismatch]
WARN  | BoardWidget_Overlays.lua:611:43 | expected `number` but found `never`. [param-type-mismatch]
WARN  | BoardWidget_Overlays.lua:611:47 | expected `number` but found `never`. [param-type-mismatch]
WARN  | BoardWidget_Overlays.lua:622:25 | expected `number` but found `never`. [param-type-mismatch]
WARN  | BoardWidget_Overlays.lua:622:29 | expected `number` but found `never`. [param-type-mismatch]
WARN  | BoardWidget_Overlays.lua:622:33 | expected `number` but found `never`. [param-type-mismatch]
WARN  | BoardWidget_Overlays.lua:626:31 | expected `integer` but found `number`. [param-type-mismatch]
WARN  | BoardWidget_Overlays.lua:638:39 | expected `number` but found `never`. [param-type-mismatch]
WARN  | BoardWidget_Overlays.lua:638:43 | expected `number` but found `never`. [param-type-mismatch]
WARN  | BoardWidget_Overlays.lua:638:47 | expected `number` but found `never`. [param-type-mismatch]
WARN  | BoardWidget_Overlays.lua:652:35 | expected `integer` but found `number`. [param-type-mismatch]
WARN  | BoardWidget_Overlays.lua:654:43 | expected `number` but found `never`. [param-type-mismatch]
WARN  | BoardWidget_Overlays.lua:654:47 | expected `number` but found `never`. [param-type-mismatch]
WARN  | BoardWidget_Overlays.lua:654:51 | expected `number` but found `never`. [param-type-mismatch]
WARN  | BoardWidget_Overlays.lua:659:31 | expected `integer` but found `number`. [param-type-mismatch]
WARN  | BoardWidget_Overlays.lua:662:39 | expected `number` but found `never`. [param-type-mismatch]
WARN  | BoardWidget_Overlays.lua:662:43 | expected `number` but found `never`. [param-type-mismatch]
WARN  | BoardWidget_Overlays.lua:662:47 | expected `number` but found `never`. [param-type-mismatch]
WARN  | BoardWidget_Overlays.lua:737:31 | expected `integer` but found `number`. [param-type-mismatch]
WARN  | BoardWidget_Overlays.lua:957:27 | expected `integer` but found `number`. [param-type-mismatch]
WARN  | BoardWidget_Overlays.lua:975:27 | expected `integer` but found `number`. [param-type-mismatch]
WARN  | BoardWidget_Overlays.lua:1001:27 | expected `integer` but found `number`. [param-type-mismatch]
WARN  | BoardWidget_Overlays.lua:1215:27 | expected `integer` but found `number`. [param-type-mismatch]
WARN  | BoardWidget_Overlays.lua:1230:27 | expected `integer` but found `number`. [param-type-mismatch]
WARN  | BoardWidget_Overlays.lua:1254:27 | expected `integer` but found `number`. [param-type-mismatch]
WARN  | BoardWidget_Overlays.lua:1322:29 | expected `number` but found `nil`. [param-type-mismatch]
WARN  | BoardWidget_Overlays.lua:1323:29 | expected `number` but found `nil`. [param-type-mismatch]
WARN  | BoardWidget_Overlays.lua:1326:32 | expected `number` but found `nil`. [param-type-mismatch]
WARN  | BoardWidget_Overlays.lua:1343:29 | expected `number` but found `nil`. [param-type-mismatch]
WARN  | BoardWidget_Overlays.lua:1344:29 | expected `number` but found `nil`. [param-type-mismatch]
WARN  | BoardWidget_Overlays.lua:1354:32 | expected `number` but found `nil`. [param-type-mismatch]
WARN  | BoardWidget_Overlays.lua:1355:32 | expected `number` but found `nil`. [param-type-mismatch]
WARN  | BoardWidget_Overlays.lua:1363:32 | expected `number` but found `nil`. [param-type-mismatch]
WARN  | BoardWidget_Overlays.lua:1365:32 | expected `number` but found `nil`. [param-type-mismatch]
WARN  | BoardWidget_Overlays.lua:1373:32 | expected `number` but found `nil`. [param-type-mismatch]
WARN  | BoardWidget_Overlays.lua:1378:32 | expected `number` but found `nil`. [param-type-mismatch]
WARN  | BoardWidget_Overlays.lua:1382:58 | expected `number` but found `nil`. [param-type-mismatch]
WARN  | BoardWidget_Overlays.lua:1386:32 | expected `number` but found `nil`. [param-type-mismatch]
WARN  | BoardWidget_Overlays.lua:1395:51 | expected `integer` but found `nil`. [param-type-mismatch]
WARN  | BoardWidget_Overlays.lua:1395:55 | expected `integer` but found `nil`. [param-type-mismatch]
WARN  | BoardWidget_Overlays.lua:1396:51 | expected `integer` but found `nil`. [param-type-mismatch]
WARN  | BoardWidget_Overlays.lua:1396:55 | expected `integer` but found `nil`. [param-type-mismatch]
WARN  | BoardWidget_Overlays.lua:1442:27 | expected `integer` but found `number`. [param-type-mismatch]
WARN  | BoardWidget_Overlays.lua:1480:27 | expected `integer` but found `number`. [param-type-mismatch]
WARN  | BoardWidget_Overlays.lua:33:8 | G.battle may be nil [need-check-nil]
WARN  | BoardWidget_Overlays.lua:48:8 | G.battle may be nil [need-check-nil]
WARN  | BoardWidget_Overlays.lua:50:27 | G.battle may be nil [need-check-nil]
WARN  | BoardWidget_Overlays.lua:137:17 | G.battle may be nil [need-check-nil]
WARN  | BoardWidget_Overlays.lua:171:33 | G.battle may be nil [need-check-nil]
WARN  | BoardWidget_Overlays.lua:171:64 | G.battle may be nil [need-check-nil]
WARN  | BoardWidget_Overlays.lua:384:19 | G.battle may be nil [need-check-nil]
WARN  | BoardWidget_Overlays.lua:395:19 | G.battle may be nil [need-check-nil]
WARN  | BoardWidget_Overlays.lua:407:19 | G.battle may be nil [need-check-nil]
WARN  | BoardWidget_Overlays.lua:416:45 | G.battle may be nil [need-check-nil]
WARN  | BoardWidget_Overlays.lua:416:69 | G.battle may be nil [need-check-nil]
WARN  | BoardWidget_Overlays.lua:422:21 | G.battle may be nil [need-check-nil]
WARN  | BoardWidget_Overlays.lua:523:8 | G.battle may be nil [need-check-nil]
WARN  | BoardWidget_Overlays.lua:528:12 | G.battle may be nil [need-check-nil]
WARN  | BoardWidget_Overlays.lua:536:17 | G.battle may be nil [need-check-nil]
WARN  | BoardWidget_Overlays.lua:671:17 | G.battle may be nil [need-check-nil]
WARN  | BoardWidget_Overlays.lua:1301:25 | ty value may be nil [need-check-nil]
WARN  | BoardWidget_Overlays.lua:1301:30 | hy value may be nil [need-check-nil]
WARN  | BoardWidget_Overlays.lua:1315:25 | ty value may be nil [need-check-nil]
WARN  | BoardWidget_Overlays.lua:1315:30 | hy value may be nil [need-check-nil]
WARN  | BoardWidget_Overlays.lua:1320:24 | hy value may be nil [need-check-nil]
WARN  | BoardWidget_Overlays.lua:1337:25 | ty value may be nil [need-check-nil]
WARN  | BoardWidget_Overlays.lua:1337:30 | hy value may be nil [need-check-nil]
WARN  | BoardWidget_Overlays.lua:1340:25 | hy value may be nil [need-check-nil]
WARN  | BoardWidget_Overlays.lua:1351:26 | ty value may be nil [need-check-nil]
WARN  | BoardWidget_Overlays.lua:1351:31 | hy value may be nil [need-check-nil]
WARN  | BoardWidget_Overlays.lua:1364:66 | ty value may be nil [need-check-nil]
WARN  | BoardWidget_Overlays.lua:1366:66 | ty value may be nil [need-check-nil]
WARN  | BoardWidget_Overlays.lua:1394:41 | hy value may be nil [need-check-nil]
WARN  | BoardWidget_Overlays.lua:1394:46 | ty value may be nil [need-check-nil]
WARN  | BoardWidget_Overlays.lua:1395:80 | hy value may be nil [need-check-nil]
WARN  | BoardWidget_Overlays.lua:1396:80 | hy value may be nil [need-check-nil]
WARN  | BoardWidget_Overlays.lua:138:20 | Undefined field `timer`. [undefined-field]
WARN  | BoardWidget_Overlays.lua:139:36 | Undefined field `timer`. [undefined-field]
WARN  | BoardWidget_Overlays.lua:139:48 | Undefined field `maxTimer`. [undefined-field]
WARN  | BoardWidget_Overlays.lua:140:23 | Undefined field `colors`. [undefined-field]
WARN  | BoardWidget_Overlays.lua:171:91 | Undefined field `timer`. [undefined-field]
WARN  | BoardWidget_Overlays.lua:204:31 | Undefined field `threshold`. [undefined-field]
WARN  | BoardWidget_Overlays.lua:204:59 | Undefined field `name`. [undefined-field]
WARN  | BoardWidget_Overlays.lua:205:32 | Undefined field `icon`. [undefined-field]
WARN  | BoardWidget_Overlays.lua:233:20 | Undefined field `desc`. [undefined-field]
WARN  | BoardWidget_Overlays.lua:233:33 | Undefined field `desc`. [undefined-field]
WARN  | BoardWidget_Overlays.lua:237:57 | Undefined field `desc`. [undefined-field]
WARN  | BoardWidget_Overlays.lua:382:42 | Undefined field `timer`. [undefined-field]
WARN  | BoardWidget_Overlays.lua:382:56 | Undefined field `timer`. [undefined-field]
WARN  | BoardWidget_Overlays.lua:385:24 | Undefined field `timer`. [undefined-field]
WARN  | BoardWidget_Overlays.lua:390:64 | Undefined field `oldCombo`. [undefined-field]
WARN  | BoardWidget_Overlays.lua:390:80 | Undefined field `newCombo`. [undefined-field]
WARN  | BoardWidget_Overlays.lua:396:24 | Undefined field `timer`. [undefined-field]
WARN  | BoardWidget_Overlays.lua:400:46 | Undefined field `timer`. [undefined-field]
WARN  | BoardWidget_Overlays.lua:400:62 | Undefined field `timer`. [undefined-field]
WARN  | BoardWidget_Overlays.lua:402:38 | Undefined field `jumpCount`. [undefined-field]
WARN  | BoardWidget_Overlays.lua:408:24 | Undefined field `timer`. [undefined-field]
WARN  | BoardWidget_Overlays.lua:413:32 | Undefined field `timer`. [undefined-field]
WARN  | BoardWidget_Overlays.lua:413:48 | Undefined field `timer`. [undefined-field]
WARN  | BoardWidget_Overlays.lua:414:32 | Undefined field `timer`. [undefined-field]
WARN  | BoardWidget_Overlays.lua:414:48 | Undefined field `timer`. [undefined-field]
WARN  | BoardWidget_Overlays.lua:416:34 | Undefined field `stacks`. [undefined-field]
WARN  | BoardWidget_Overlays.lua:416:89 | Undefined field `bloodRageStacks`. [undefined-field]
WARN  | BoardWidget_Overlays.lua:423:28 | Undefined field `timer`. [undefined-field]
WARN  | BoardWidget_Overlays.lua:424:40 | Undefined field `timer`. [undefined-field]
WARN  | BoardWidget_Overlays.lua:424:56 | Undefined field `maxTimer`. [undefined-field]
WARN  | BoardWidget_Overlays.lua:499:69 | Undefined field `icon`. [undefined-field]
WARN  | BoardWidget_Overlays.lua:506:57 | Undefined field `bossName`. [undefined-field]
WARN  | BoardWidget_Overlays.lua:510:57 | Undefined field `bossName`. [undefined-field]
WARN  | BoardWidget_Overlays.lua:513:45 | Undefined field `chapter`. [undefined-field]
WARN  | BoardWidget_Overlays.lua:537:20 | Undefined field `timer`. [undefined-field]
WARN  | BoardWidget_Overlays.lua:538:36 | Undefined field `timer`. [undefined-field]
WARN  | BoardWidget_Overlays.lua:538:48 | Undefined field `maxTimer`. [undefined-field]
WARN  | BoardWidget_Overlays.lua:539:32 | Undefined field `color`. [undefined-field]
WARN  | BoardWidget_Overlays.lua:539:46 | Undefined field `color`. [undefined-field]
WARN  | BoardWidget_Overlays.lua:539:60 | Undefined field `color`. [undefined-field]
WARN  | BoardWidget_Overlays.lua:632:58 | Undefined field `icon`. [undefined-field]
WARN  | BoardWidget_Overlays.lua:639:58 | Undefined field `skillName`. [undefined-field]
WARN  | BoardWidget_Overlays.lua:643:58 | Undefined field `skillName`. [undefined-field]
WARN  | BoardWidget_Overlays.lua:648:58 | Undefined field `desc`. [undefined-field]
WARN  | BoardWidget_Overlays.lua:651:20 | Undefined field `bossName`. [undefined-field]
WARN  | BoardWidget_Overlays.lua:651:38 | Undefined field `bossName`. [undefined-field]
WARN  | BoardWidget_Overlays.lua:655:81 | Undefined field `bossName`. [undefined-field]
WARN  | BoardWidget_Overlays.lua:672:20 | Undefined field `timer`. [undefined-field]
WARN  | BoardWidget_Overlays.lua:673:36 | Undefined field `timer`. [undefined-field]
WARN  | BoardWidget_Overlays.lua:673:48 | Undefined field `maxTimer`. [undefined-field]
WARN  | BoardWidget_Overlays.lua:761:53 | Undefined field `subtitle`. [undefined-field]
WARN  | BoardWidget_VFX.lua:1822:28 | Impossible `if` statement: this condition is always falsy [unnecessary-if]
WARN  | BoardWidget_VFX.lua:1891:24 | Impossible `if` statement: this condition is always falsy [unnecessary-if]
WARN  | BoardWidget_VFX.lua:65:25 | expected `(unknown[]|table<integer,unknown>|{ [integer]: unknown })` but found `never`. [param-type-mismatch]
WARN  | BoardWidget_VFX.lua:383:39 | expected `integer` but found `number`. [param-type-mismatch]
WARN  | BoardWidget_VFX.lua:484:47 | expected `number` but found `never`. [param-type-mismatch]
WARN  | BoardWidget_VFX.lua:485:47 | expected `number` but found `never`. [param-type-mismatch]
WARN  | BoardWidget_VFX.lua:664:39 | expected `integer` but found `number`. [param-type-mismatch]
WARN  | BoardWidget_VFX.lua:731:35 | expected `integer` but found `number`. [param-type-mismatch]
WARN  | BoardWidget_VFX.lua:955:39 | expected `integer` but found `number`. [param-type-mismatch]
WARN  | BoardWidget_VFX.lua:1493:39 | expected `integer` but found `number`. [param-type-mismatch]
WARN  | BoardWidget_VFX.lua:2401:103 | expected `integer` but found `(6|unknown)`. [param-type-mismatch]
WARN  | BoardWidget_VFX.lua:3189:35 | expected `integer` but found `number`. [param-type-mismatch]
WARN  | BoardWidget_VFX.lua:4792:39 | expected `integer` but found `number`. [param-type-mismatch]
WARN  | BoardWidget_VFX.lua:5097:31 | expected `integer` but found `number`. [param-type-mismatch]
WARN  | BoardWidget_VFX.lua:65:25 | G.battle may be nil [need-check-nil]
WARN  | BoardWidget_VFX.lua:430:37 | G.gridParams may be nil [need-check-nil]
WARN  | BoardWidget_VFX.lua:431:37 | G.gridParams may be nil [need-check-nil]
WARN  | BoardWidget_VFX.lua:483:40 | rd may be nil [need-check-nil]
WARN  | BoardWidget_VFX.lua:484:47 | rd may be nil [need-check-nil]
WARN  | BoardWidget_VFX.lua:485:47 | rd may be nil [need-check-nil]
WARN  | BoardWidget_VFX.lua:632:43 | rd may be nil [need-check-nil]
WARN  | BoardWidget_VFX.lua:634:43 | rd may be nil [need-check-nil]
WARN  | BoardWidget_VFX.lua:1204:37 | offsets[i] value may be nil [need-check-nil]
WARN  | BoardWidget_VFX.lua:1206:40 | heights2[i] value may be nil [need-check-nil]
WARN  | BoardWidget_VFX.lua:1960:41 | c may be nil [need-check-nil]
WARN  | BoardWidget_VFX.lua:1960:47 | c may be nil [need-check-nil]
WARN  | BoardWidget_VFX.lua:1960:53 | c may be nil [need-check-nil]
WARN  | BoardWidget_VFX.lua:1961:41 | c may be nil [need-check-nil]
WARN  | BoardWidget_VFX.lua:1961:47 | c may be nil [need-check-nil]
WARN  | BoardWidget_VFX.lua:1961:53 | c may be nil [need-check-nil]
WARN  | BoardWidget_VFX.lua:3431:17 | G.battle may be nil [need-check-nil]
WARN  | BoardWidget_VFX.lua:3431:49 | G.battle may be nil [need-check-nil]
WARN  | BoardWidget_VFX.lua:3452:25 | G.battle may be nil [need-check-nil]
WARN  | BoardWidget_VFX.lua:3452:57 | G.battle may be nil [need-check-nil]
WARN  | Equipment.lua:228:16 | Impossible `if` statement: this condition is always falsy [unnecessary-if]
WARN  | Equipment.lua:259:8 | Impossible `if` statement: this condition is always falsy [unnecessary-if]
WARN  | Equipment.lua:260:8 | Impossible `if` statement: this condition is always falsy [unnecessary-if]
WARN  | Equipment.lua:295:12 | Impossible `if` statement: this condition is always falsy [unnecessary-if]
WARN  | Equipment.lua:301:16 | Impossible `if` statement: this condition is always falsy [unnecessary-if]
WARN  | Equipment.lua:320:23 | itemDef may be nil [need-check-nil]
WARN  | Equipment.lua:323:19 | pick may be nil [need-check-nil]
WARN  | Equipment.lua:339:27 | pick may be nil [need-check-nil]
WARN  | Equipment.lua:345:14 | itemDef may be nil [need-check-nil]
WARN  | GameUI.lua:538:8 | Impossible `if` statement: this condition is always falsy [unnecessary-if]
WARN  | GameUI.lua:541:8 | Impossible `if` statement: this condition is always falsy [unnecessary-if]
WARN  | GameUI.lua:554:8 | Impossible `if` statement: this condition is always falsy [unnecessary-if]
WARN  | GameUI.lua:557:8 | Impossible `if` statement: this condition is always falsy [unnecessary-if]
WARN  | GameUI.lua:625:32 | Unnecessary `if` statement: this condition is always truthy [unnecessary-if]
WARN  | GameUI.lua:969:8 | Impossible `if` statement: this condition is always falsy [unnecessary-if]
WARN  | GameUI.lua:972:8 | Impossible `if` statement: this condition is always falsy [unnecessary-if]
WARN  | GameUI.lua:985:8 | Impossible `if` statement: this condition is always falsy [unnecessary-if]
WARN  | GameUI.lua:1041:20 | Unnecessary `if` statement: this condition is always truthy [unnecessary-if]
WARN  | GameUI.lua:1053:8 | Impossible `if` statement: this condition is always falsy [unnecessary-if]
WARN  | GameUI.lua:1064:16 | Impossible `if` statement: this condition is always falsy [unnecessary-if]
WARN  | GameUI.lua:1114:8 | Impossible `if` statement: this condition is always falsy [unnecessary-if]
WARN  | GameUI.lua:1118:8 | Impossible `if` statement: this condition is always falsy [unnecessary-if]
WARN  | GameUI.lua:1124:8 | Impossible `if` statement: this condition is always falsy [unnecessary-if]
WARN  | GameUI.lua:1321:16 | Impossible `if` statement: this condition is always falsy [unnecessary-if]
WARN  | GameUI.lua:1328:8 | Impossible `if` statement: this condition is always falsy [unnecessary-if]
WARN  | GameUI.lua:1434:8 | Impossible `if` statement: this condition is always falsy [unnecessary-if]
WARN  | GameUI.lua:1488:24 | Impossible `if` statement: this condition is always falsy [unnecessary-if]
WARN  | GameUI.lua:1533:8 | Impossible `if` statement: this condition is always falsy [unnecessary-if]
WARN  | GameUI.lua:1549:16 | Impossible `if` statement: this condition is always falsy [unnecessary-if]
WARN  | GameUI.lua:1552:16 | Unnecessary `if` statement: this condition is always truthy [unnecessary-if]
WARN  | GameUI.lua:1621:16 | Impossible `if` statement: this condition is always falsy [unnecessary-if]
WARN  | GameUI.lua:1628:8 | Impossible `if` statement: this condition is always falsy [unnecessary-if]
WARN  | GameUI.lua:1693:8 | Impossible `if` statement: this condition is always falsy [unnecessary-if]
WARN  | GameUI.lua:1709:16 | Impossible `if` statement: this condition is always falsy [unnecessary-if]
WARN  | GameUI.lua:1722:20 | Impossible `if` statement: this condition is always falsy [unnecessary-if]
WARN  | GameUI.lua:1727:20 | Unnecessary `if` statement: this condition is always truthy [unnecessary-if]
WARN  | GameUI.lua:1743:8 | Impossible `if` statement: this condition is always falsy [unnecessary-if]
WARN  | GameUI.lua:1760:16 | Impossible `if` statement: this condition is always falsy [unnecessary-if]
WARN  | GameUI.lua:1776:20 | Impossible `if` statement: this condition is always falsy [unnecessary-if]
WARN  | GameUI.lua:1781:20 | Unnecessary `if` statement: this condition is always truthy [unnecessary-if]
WARN  | GameUI.lua:2099:24 | Impossible `if` statement: this condition is always falsy [unnecessary-if]
WARN  | GameUI.lua:2204:8 | Impossible `if` statement: this condition is always falsy [unnecessary-if]
WARN  | GameUI.lua:2219:16 | Impossible `if` statement: this condition is always falsy [unnecessary-if]
WARN  | GameUI.lua:2277:8 | Impossible `if` statement: this condition is always falsy [unnecessary-if]
WARN  | GameUI.lua:2296:16 | Impossible `if` statement: this condition is always falsy [unnecessary-if]
WARN  | GameUI.lua:2354:8 | Impossible `if` statement: this condition is always falsy [unnecessary-if]
WARN  | GameUI.lua:2429:12 | Impossible `if` statement: this condition is always falsy [unnecessary-if]
WARN  | GameUI.lua:2517:16 | Impossible `if` statement: this condition is always falsy [unnecessary-if]
WARN  | GameUI.lua:2518:16 | Impossible `if` statement: this condition is always falsy [unnecessary-if]
WARN  | GameUI.lua:2613:32 | Impossible `if` statement: this condition is always falsy [unnecessary-if]
WARN  | GameUI.lua:2614:32 | Impossible `if` statement: this condition is always falsy [unnecessary-if]
WARN  | GameUI.lua:344:23 | Cannot call expression of type `never`. [call-non-callable]
WARN  | GameUI.lua:348:27 | Cannot call expression of type `never`. [call-non-callable]
WARN  | GameUI.lua:577:21 | Cannot call expression of type `{ Init = fun(props), onCellClick_ = any, Render = fun(nvg), ... }`. [call-non-callable]
WARN  | GameUI.lua:463:43 | expected `table` but found `never`. [param-type-mismatch]
WARN  | GameUI.lua:485:45 | expected `table` but found `never`. [param-type-mismatch]
WARN  | GameUI.lua:498:37 | expected `table` but found `never`. [param-type-mismatch]
WARN  | GameUI.lua:344:23 | searchRoot may be nil [need-check-nil]
WARN  | GameUI.lua:348:27 | searchRoot may be nil [need-check-nil]
WARN  | GameUI.lua:463:43 | battle may be nil [need-check-nil]
WARN  | GameUI.lua:485:45 | battle may be nil [need-check-nil]
WARN  | GameUI.lua:498:37 | battle may be nil [need-check-nil]
WARN  | GameUI.lua:1358:5 | UI.GetRoot() may be nil [need-check-nil]
WARN  | GameUI.lua:1523:5 | UI.GetRoot() may be nil [need-check-nil]
WARN  | GameUI.lua:1556:5 | UI.GetRoot() may be nil [need-check-nil]
WARN  | GameUI.lua:1684:5 | UI.GetRoot() may be nil [need-check-nil]
WARN  | GameUI.lua:1734:5 | UI.GetRoot() may be nil [need-check-nil]
WARN  | GameUI.lua:1789:5 | UI.GetRoot() may be nil [need-check-nil]
WARN  | GameUI.lua:2268:5 | UI.GetRoot() may be nil [need-check-nil]
WARN  | GameUI.lua:2346:5 | UI.GetRoot() may be nil [need-check-nil]
WARN  | GameUI.lua:2625:5 | UI.GetRoot() may be nil [need-check-nil]
WARN  | GameUI.lua:1057:10 | Undefined field `bossHpBar`. [undefined-field]
WARN  | GameUI.lua:1065:19 | Undefined field `bossHpBar`. [undefined-field]
WARN  | GameUI.lua:1069:22 | Undefined field `bossNameLabel`. [undefined-field]
WARN  | GameUI.lua:1070:23 | Undefined field `bossNameLabel`. [undefined-field]
WARN  | GameUI.lua:1072:22 | Undefined field `bossHpFill`. [undefined-field]
WARN  | GameUI.lua:1073:23 | Undefined field `bossHpFill`. [undefined-field]
WARN  | GameUI.lua:1076:27 | Undefined field `bossHpFill`. [undefined-field]
WARN  | GameUI.lua:1083:27 | Undefined field `bossHpFill`. [undefined-field]
WARN  | GameUI.lua:1090:27 | Undefined field `bossHpFill`. [undefined-field]
WARN  | GameUI.lua:1098:22 | Undefined field `bossHpLabel`. [undefined-field]
WARN  | GameUI.lua:1104:23 | Undefined field `bossHpLabel`. [undefined-field]
WARN  | GameUI.lua:1108:19 | Undefined field `bossHpBar`. [undefined-field]
WARN  | GameUI.lua:1111:15 | Undefined field `bossHpBar`. [undefined-field]
WARN  | GameUI.lua:1003:25 | Undefined field `SetText`. [undefined-field]
WARN  | GameUI.lua:1021:31 | Undefined field `SetText`. [undefined-field]
WARN  | GameUI.lua:1042:34 | Undefined field `SetText`. [undefined-field]
WARN  | GameUI.lua:1045:34 | Undefined field `SetText`. [undefined-field]
WARN  | GameUI.lua:2063:33 | Undefined field `[pageIdx]`. [undefined-field]
WARN  | HexGrid.lua:118:8 | Impossible `if` statement: this condition is always falsy [unnecessary-if]
WARN  | HexGrid.lua:136:8 | Impossible `if` statement: this condition is always falsy [unnecessary-if]
WARN  | HexGrid.lua:840:16 | Impossible `if` statement: this condition is always falsy [unnecessary-if]
WARN  | HexGrid.lua:1108:8 | Impossible `if` statement: this condition is always falsy [unnecessary-if]
WARN  | HexGrid.lua:2403:12 | Unnecessary `if` statement: this condition is always truthy [unnecessary-if]
WARN  | HexGrid.lua:2407:16 | Impossible `if` statement: this condition is always falsy [unnecessary-if]
WARN  | HexGrid.lua:1610:27 | expected `integer` but found `number`. [param-type-mismatch]
WARN  | HexGrid.lua:2043:31 | expected `integer` but found `number`. [param-type-mismatch]
WARN  | HexGrid.lua:2276:31 | expected `integer` but found `number`. [param-type-mismatch]
WARN  | HexGrid.lua:2355:31 | expected `integer` but found `number`. [param-type-mismatch]
WARN  | HexGrid.lua:2367:31 | expected `integer` but found `number`. [param-type-mismatch]
WARN  | HexGrid.lua:2432:31 | expected `integer` but found `number`. [param-type-mismatch]
WARN  | HexGrid.lua:2551:44 | expected `number` but found `never`. [param-type-mismatch]
WARN  | HexGrid.lua:2551:47 | expected `number` but found `never`. [param-type-mismatch]
WARN  | HexGrid.lua:263:19 | dist value may be nil [need-check-nil]
WARN  | HexGrid.lua:2543:22 | cell may be nil [need-check-nil]
WARN  | HexGrid.lua:2543:32 | cell may be nil [need-check-nil]
WARN  | HexGrid.lua:629:37 | Undefined field `scarecrow`. [undefined-field]
WARN  | HexGrid.lua:53:38 | Cannot assign `number` to `integer`. [assign-type-mismatch]
WARN  | HexGrid.lua:54:38 | Cannot assign `number` to `integer`. [assign-type-mismatch]
WARN  | HexGrid.lua:64:5 | Cannot assign `number` to `integer`. [assign-type-mismatch]
WARN  | HexGrid.lua:65:5 | Cannot assign `number` to `integer`. [assign-type-mismatch]
WARN  | HexGrid.lua:66:5 | Cannot assign `number` to `integer`. [assign-type-mismatch]
WARN  | HexGrid.lua:67:5 | Cannot assign `number` to `integer`. [assign-type-mismatch]
WARN  | HexGrid.lua:1110:15 | Cannot assign `number` to `integer`. [assign-type-mismatch]
WARN  | HexGrid.lua:1111:15 | Cannot assign `number` to `integer`. [assign-type-mismatch]
WARN  | HexGrid.lua:1824:17 | Cannot assign `number` to `integer`. [assign-type-mismatch]
WARN  | HexGrid.lua:1825:17 | Cannot assign `number` to `integer`. [assign-type-mismatch]
WARN  | HexGrid.lua:1826:17 | Cannot assign `number` to `integer`. [assign-type-mismatch]
WARN  | HexGrid.lua:1832:17 | Cannot assign `number` to `integer`. [assign-type-mismatch]
WARN  | HexGrid.lua:1833:17 | Cannot assign `number` to `integer`. [assign-type-mismatch]
WARN  | HexGrid.lua:1834:17 | Cannot assign `number` to `integer`. [assign-type-mismatch]
WARN  | HexGrid.lua:1839:17 | Cannot assign `number` to `integer`. [assign-type-mismatch]
WARN  | HexGrid.lua:1840:17 | Cannot assign `number` to `integer`. [assign-type-mismatch]
WARN  | HexGrid.lua:1841:17 | Cannot assign `number` to `integer`. [assign-type-mismatch]
WARN  | HexGrid.lua:1846:17 | Cannot assign `number` to `integer`. [assign-type-mismatch]
WARN  | HexGrid.lua:1847:17 | Cannot assign `number` to `integer`. [assign-type-mismatch]
WARN  | HexGrid.lua:1848:17 | Cannot assign `number` to `integer`. [assign-type-mismatch]
WARN  | HexGrid.lua:1854:17 | Cannot assign `number` to `integer`. [assign-type-mismatch]
WARN  | HexGrid.lua:1855:17 | Cannot assign `number` to `integer`. [assign-type-mismatch]
WARN  | HexGrid.lua:1856:17 | Cannot assign `number` to `integer`. [assign-type-mismatch]
WARN  | HexGrid.lua:1863:15 | Cannot assign `number` to `integer`. [assign-type-mismatch]
WARN  | HexGrid.lua:2400:13 | Cannot assign `number` to `integer`. [assign-type-mismatch]
WARN  | HexGrid.lua:2444:11 | Cannot assign `number` to `integer`. [assign-type-mismatch]
WARN  | HexGrid.lua:2465:15 | Cannot assign `number` to `integer`. [assign-type-mismatch]
WARN  | MenuHeroWidget.lua:115:8 | Impossible `if` statement: this condition is always falsy [unnecessary-if]
WARN  | MenuHeroWidget.lua:497:8 | Unnecessary `if` statement: this condition is always truthy [unnecessary-if]
WARN  | MenuHeroWidget.lua:562:12 | Impossible `if` statement: this condition is always falsy [unnecessary-if]
WARN  | MenuHeroWidget.lua:781:8 | Unnecessary `if` statement: this condition is always truthy [unnecessary-if]
WARN  | MenuHeroWidget.lua:783:12 | Impossible `if` statement: this condition is always falsy [unnecessary-if]
WARN  | MenuHeroWidget.lua:944:8 | Unnecessary `if` statement: this condition is always truthy [unnecessary-if]
WARN  | MenuHeroWidget.lua:1011:8 | Unnecessary `if` statement: this condition is always truthy [unnecessary-if]
WARN  | MenuHeroWidget.lua:775:39 | G.playerData may be nil [need-check-nil]
WARN  | MenuHeroWidget.lua:763:10 | Undefined field `RenderFullBackground`. [undefined-field]
WARN  | MenuHeroWidget.lua:764:20 | Undefined field `GetAbsoluteLayout`. [undefined-field]
WARN  | MenuHeroWidget.lua:116:66 | Undefined field `isoScale`. [undefined-field]
WARN  | MenuHeroWidget.lua:996:11 | Cannot assign `number` to `integer`. [assign-type-mismatch]
WARN  | MenuHeroWidget.lua:997:11 | Cannot assign `number` to `integer`. [assign-type-mismatch]
WARN  | MenuPages.lua:135:20 | Unnecessary `if` statement: this condition is always truthy [unnecessary-if]
WARN  | MenuPages.lua:138:20 | Unnecessary `if` statement: this condition is always truthy [unnecessary-if]
WARN  | MenuPages.lua:153:20 | Unnecessary `if` statement: this condition is always truthy [unnecessary-if]
WARN  | MenuPages.lua:154:24 | Impossible `if` statement: this condition is always falsy [unnecessary-if]
WARN  | MenuPages.lua:160:20 | Impossible `if` statement: this condition is always falsy [unnecessary-if]
WARN  | MenuPages.lua:191:24 | Unnecessary `if` statement: this condition is always truthy [unnecessary-if]
WARN  | MenuPages.lua:192:28 | Impossible `if` statement: this condition is always falsy [unnecessary-if]
WARN  | MenuPages.lua:336:8 | Unnecessary `if` statement: this condition is always truthy [unnecessary-if]
WARN  | MenuPages.lua:345:8 | Impossible `if` statement: this condition is always falsy [unnecessary-if]
WARN  | MenuPages.lua:365:12 | Unnecessary `if` statement: this condition is always truthy [unnecessary-if]
WARN  | MenuPages.lua:380:12 | Unnecessary `if` statement: this condition is always truthy [unnecessary-if]
WARN  | MenuPages.lua:528:20 | Impossible `if` statement: this condition is always falsy [unnecessary-if]
WARN  | MenuPages.lua:537:20 | Unnecessary `if` statement: this condition is always truthy [unnecessary-if]
WARN  | MenuPages.lua:540:20 | Unnecessary `if` statement: this condition is always truthy [unnecessary-if]
WARN  | MenuPages.lua:554:20 | Unnecessary `if` statement: this condition is always truthy [unnecessary-if]
WARN  | MenuPages.lua:556:20 | Impossible `if` statement: this condition is always falsy [unnecessary-if]
WARN  | MenuPages.lua:568:20 | Impossible `if` statement: this condition is always falsy [unnecessary-if]
WARN  | MenuPages.lua:602:16 | Impossible `if` statement: this condition is always falsy [unnecessary-if]
WARN  | MenuPages.lua:610:16 | Unnecessary `if` statement: this condition is always truthy [unnecessary-if]
WARN  | MenuPages.lua:1177:40 | Impossible `if` statement: this condition is always falsy [unnecessary-if]
WARN  | MenuPages.lua:1195:40 | Impossible `if` statement: this condition is always falsy [unnecessary-if]
WARN  | MenuPages.lua:1581:8 | Impossible `if` statement: this condition is always falsy [unnecessary-if]
WARN  | MenuPages.lua:1606:45 | Unnecessary `if` statement: this condition is always truthy [unnecessary-if]
WARN  | MenuPages.lua:1754:8 | Unnecessary `if` statement: this condition is always truthy [unnecessary-if]
WARN  | MenuPages.lua:1757:12 | Impossible `if` statement: this condition is always falsy [unnecessary-if]
WARN  | MenuPages.lua:1766:12 | Impossible `if` statement: this condition is always falsy [unnecessary-if]
WARN  | MenuPages.lua:1774:16 | Unnecessary `if` statement: this condition is always truthy [unnecessary-if]
WARN  | MenuPages.lua:1781:12 | Impossible `if` statement: this condition is always falsy [unnecessary-if]
WARN  | MenuPages.lua:1871:13 | Cannot call expression of type `{ Init = fun(props), Render = fun(nvg) }`. [call-non-callable]
WARN  | MenuPages.lua:268:43 | itemDef may be nil [need-check-nil]
WARN  | MenuPages.lua:344:20 | itemDef may be nil [need-check-nil]
WARN  | MenuPages.lua:344:58 | itemDef may be nil [need-check-nil]
WARN  | MenuPages.lua:362:54 | sc may be nil [need-check-nil]
WARN  | MenuPages.lua:362:61 | sc may be nil [need-check-nil]
WARN  | MenuPages.lua:362:68 | sc may be nil [need-check-nil]
WARN  | MenuPages.lua:603:17 | self may be nil [need-check-nil]
WARN  | MenuPages.lua:603:30 | self may be nil [need-check-nil]
WARN  | MenuPages.lua:604:17 | self may be nil [need-check-nil]
WARN  | MenuPages.lua:610:16 | self may be nil [need-check-nil]
WARN  | MenuPages.lua:611:17 | self may be nil [need-check-nil]
WARN  | MenuPages.lua:323:71 | Undefined field `[key]`. [undefined-field]
WARN  | MenuPages.lua:601:41 | expected 1 parameters but found 2 [redundant-parameter]
WARN  | MenuPages.lua:609:39 | expected 1 parameters but found 2 [redundant-parameter]
WARN  | MenuSystem.lua:65:8 | Impossible `if` statement: this condition is always falsy [unnecessary-if]
WARN  | MenuSystem.lua:86:8 | Impossible `if` statement: this condition is always falsy [unnecessary-if]
WARN  | MenuSystem.lua:98:8 | Impossible `if` statement: this condition is always falsy [unnecessary-if]
WARN  | MenuSystem.lua:104:8 | Impossible `if` statement: this condition is always falsy [unnecessary-if]
WARN  | MenuSystem.lua:105:12 | Impossible `if` statement: this condition is always falsy [unnecessary-if]
WARN  | MenuSystem.lua:108:12 | Impossible `if` statement: this condition is always falsy [unnecessary-if]
WARN  | MenuSystem.lua:111:12 | Impossible `if` statement: this condition is always falsy [unnecessary-if]
WARN  | MenuSystem.lua:356:12 | Unnecessary `if` statement: this condition is always truthy [unnecessary-if]
WARN  | MenuSystem.lua:360:12 | Unnecessary `if` statement: this condition is always truthy [unnecessary-if]
WARN  | MenuSystem.lua:372:12 | Unnecessary `if` statement: this condition is always truthy [unnecessary-if]
WARN  | MenuSystem.lua:413:20 | Impossible `if` statement: this condition is always falsy [unnecessary-if]
WARN  | MenuSystem.lua:433:32 | Unnecessary `if` statement: this condition is always truthy [unnecessary-if]
WARN  | MenuSystem.lua:544:20 | Impossible `if` statement: this condition is always falsy [unnecessary-if]
WARN  | MenuSystem.lua:830:16 | Unnecessary `if` statement: this condition is always truthy [unnecessary-if]
WARN  | MenuSystem.lua:996:8 | Impossible `if` statement: this condition is always falsy [unnecessary-if]
WARN  | MenuSystem.lua:1063:8 | Impossible `if` statement: this condition is always falsy [unnecessary-if]
WARN  | MenuSystem.lua:1074:8 | Impossible `if` statement: this condition is always falsy [unnecessary-if]
WARN  | MenuSystem.lua:1107:8 | Impossible `if` statement: this condition is always falsy [unnecessary-if]
WARN  | MenuSystem.lua:1162:8 | Impossible `if` statement: this condition is always falsy [unnecessary-if]
WARN  | MenuSystem.lua:1184:8 | Impossible `if` statement: this condition is always falsy [unnecessary-if]
WARN  | MenuSystem.lua:1243:16 | Impossible `if` statement: this condition is always falsy [unnecessary-if]
WARN  | MenuSystem.lua:1515:40 | Impossible `if` statement: this condition is always falsy [unnecessary-if]
WARN  | MenuSystem.lua:1542:8 | Impossible `if` statement: this condition is always falsy [unnecessary-if]
WARN  | MenuSystem.lua:1627:16 | Impossible `if` statement: this condition is always falsy [unnecessary-if]
WARN  | MenuSystem.lua:1725:12 | Unnecessary `if` statement: this condition is always truthy [unnecessary-if]
WARN  | MenuSystem.lua:1740:16 | Impossible `if` statement: this condition is always falsy [unnecessary-if]
WARN  | MenuSystem.lua:1785:16 | Impossible `if` statement: this condition is always falsy [unnecessary-if]
WARN  | MenuSystem.lua:1805:16 | Impossible `if` statement: this condition is always falsy [unnecessary-if]
WARN  | MenuSystem.lua:1730:16 | Unnecessary `if` statement: this condition is always truthy [unnecessary-if]
WARN  | MenuSystem.lua:1746:16 | Unnecessary `if` statement: this condition is always truthy [unnecessary-if]
WARN  | MenuSystem.lua:1750:20 | Unnecessary `if` statement: this condition is always truthy [unnecessary-if]
WARN  | MenuSystem.lua:1790:16 | Unnecessary `if` statement: this condition is always truthy [unnecessary-if]
WARN  | MenuSystem.lua:1796:16 | Impossible `if` statement: this condition is always falsy [unnecessary-if]
WARN  | MenuSystem.lua:1797:20 | Unnecessary `if` statement: this condition is always truthy [unnecessary-if]
WARN  | MenuSystem.lua:1824:20 | Impossible `if` statement: this condition is always falsy [unnecessary-if]
WARN  | MenuSystem.lua:1907:16 | Impossible `if` statement: this condition is always falsy [unnecessary-if]
WARN  | MenuSystem.lua:1909:20 | Impossible `if` statement: this condition is always falsy [unnecessary-if]
WARN  | MenuSystem.lua:1918:20 | Impossible `if` statement: this condition is always falsy [unnecessary-if]
WARN  | MenuSystem.lua:2111:28 | Unnecessary `if` statement: this condition is always truthy [unnecessary-if]
WARN  | MenuSystem.lua:2140:28 | Unnecessary `if` statement: this condition is always truthy [unnecessary-if]
WARN  | MenuSystem.lua:2188:28 | Unnecessary `if` statement: this condition is always truthy [unnecessary-if]
WARN  | MenuSystem.lua:2194:28 | Unnecessary `if` statement: this condition is always truthy [unnecessary-if]
WARN  | MenuSystem.lua:628:13 | Cannot call expression of type `never`. [call-non-callable]
WARN  | MenuSystem.lua:636:13 | Cannot call expression of type `never`. [call-non-callable]
WARN  | MenuSystem.lua:646:13 | Cannot call expression of type `never`. [call-non-callable]
WARN  | MenuSystem.lua:647:13 | Cannot call expression of type `never`. [call-non-callable]
WARN  | MenuSystem.lua:992:5 | Cannot call expression of type `never`. [call-non-callable]
WARN  | MenuSystem.lua:1059:5 | Cannot call expression of type `never`. [call-non-callable]
WARN  | MenuSystem.lua:1157:5 | Cannot call expression of type `never`. [call-non-callable]
WARN  | MenuSystem.lua:1537:5 | Cannot call expression of type `never`. [call-non-callable]
WARN  | MenuSystem.lua:1719:5 | Cannot call expression of type `never`. [call-non-callable]
WARN  | MenuSystem.lua:2200:25 | Cannot call expression of type `{ Init = fun(props), Render = fun(nvg), _chestImgHandle = integer, ... }`. [call-non-callable]
WARN  | MenuSystem.lua:2272:27 | Cannot call expression of type `never`. [call-non-callable]
WARN  | MenuSystem.lua:237:39 | expected `(unknown[]|table<integer,unknown>|{ [integer]: unknown })` but found `never`. [param-type-mismatch]
WARN  | MenuSystem.lua:249:43 | expected `(unknown[]|table<integer,unknown>|{ [integer]: unknown })` but found `never`. [param-type-mismatch]
WARN  | MenuSystem.lua:257:43 | expected `(unknown[]|table<integer,unknown>|{ [integer]: unknown })` but found `never`. [param-type-mismatch]
WARN  | MenuSystem.lua:283:39 | expected `(unknown[]|table<integer,unknown>|{ [integer]: unknown })` but found `never`. [param-type-mismatch]
WARN  | MenuSystem.lua:295:43 | expected `(unknown[]|table<integer,unknown>|{ [integer]: unknown })` but found `never`. [param-type-mismatch]
WARN  | MenuSystem.lua:303:43 | expected `(unknown[]|table<integer,unknown>|{ [integer]: unknown })` but found `never`. [param-type-mismatch]
WARN  | MenuSystem.lua:697:48 | expected `table` but found `nil`. [param-type-mismatch]
WARN  | MenuSystem.lua:726:60 | expected `table` but found `nil`. [param-type-mismatch]
WARN  | MenuSystem.lua:910:63 | expected `table` but found `never`. [param-type-mismatch]
WARN  | MenuSystem.lua:66:42 | G.playerData may be nil [need-check-nil]
WARN  | MenuSystem.lua:99:42 | G.playerData may be nil [need-check-nil]
WARN  | MenuSystem.lua:165:9 | G.playerData may be nil [need-check-nil]
WARN  | MenuSystem.lua:166:9 | G.playerData may be nil [need-check-nil]
WARN  | MenuSystem.lua:233:35 | G.playerData may be nil [need-check-nil]
WARN  | MenuSystem.lua:279:35 | G.playerData may be nil [need-check-nil]
WARN  | MenuSystem.lua:326:9 | G.playerData may be nil [need-check-nil]
WARN  | MenuSystem.lua:327:9 | G.playerData may be nil [need-check-nil]
WARN  | MenuSystem.lua:342:21 | G.playerData may be nil [need-check-nil]
WARN  | MenuSystem.lua:415:38 | G.playerData may be nil [need-check-nil]
WARN  | MenuSystem.lua:536:43 | G.playerData may be nil [need-check-nil]
WARN  | MenuSystem.lua:628:13 | tabAdventureBtn may be nil [need-check-nil]
WARN  | MenuSystem.lua:636:13 | tabEndlessBtn may be nil [need-check-nil]
WARN  | MenuSystem.lua:646:13 | adventureContainer may be nil [need-check-nil]
WARN  | MenuSystem.lua:647:13 | endlessContainer may be nil [need-check-nil]
WARN  | MenuSystem.lua:907:18 | G.playerData may be nil [need-check-nil]
WARN  | MenuSystem.lua:910:63 | G.playerData may be nil [need-check-nil]
WARN  | MenuSystem.lua:992:5 | G.menuRoot may be nil [need-check-nil]
WARN  | MenuSystem.lua:1010:18 | G.playerData may be nil [need-check-nil]
WARN  | MenuSystem.lua:1059:5 | G.menuRoot may be nil [need-check-nil]
WARN  | MenuSystem.lua:1112:18 | G.playerData may be nil [need-check-nil]
WARN  | MenuSystem.lua:1157:5 | G.menuRoot may be nil [need-check-nil]
WARN  | MenuSystem.lua:1169:23 | G.playerData may be nil [need-check-nil]
WARN  | MenuSystem.lua:1233:51 | G.playerData may be nil [need-check-nil]
WARN  | MenuSystem.lua:1351:69 | G.playerData may be nil [need-check-nil]
WARN  | MenuSystem.lua:1361:49 | G.playerData may be nil [need-check-nil]
WARN  | MenuSystem.lua:1537:5 | G.menuRoot may be nil [need-check-nil]
WARN  | MenuSystem.lua:1719:5 | G.menuRoot may be nil [need-check-nil]
WARN  | MenuSystem.lua:2272:27 | G.menuScrollView may be nil [need-check-nil]
WARN  | PlayerData.lua:132:8 | Unnecessary `if` statement: this condition is always truthy [unnecessary-if]
WARN  | PlayerData.lua:613:16 | Unnecessary `if` statement: this condition is always truthy [unnecessary-if]
WARN  | PlayerData.lua:616:13 | Cannot assign `number` to `integer`. [assign-type-mismatch]
WARN  | RedeemPopup.lua:43:8 | Impossible `if` statement: this condition is always falsy [unnecessary-if]
WARN  | RedeemPopup.lua:95:8 | Impossible `if` statement: this condition is always falsy [unnecessary-if]
WARN  | RedeemPopup.lua:104:8 | Unnecessary `if` statement: this condition is always truthy [unnecessary-if]
WARN  | RedeemPopup.lua:107:8 | Unnecessary `if` statement: this condition is always truthy [unnecessary-if]
WARN  | RedeemPopup.lua:117:8 | Impossible `if` statement: this condition is always falsy [unnecessary-if]
WARN  | RedeemPopup.lua:54:31 | Undefined field `GetValue`. [undefined-field]
WARN  | RedeemPopup.lua:58:21 | Undefined field `SetText`. [undefined-field]
WARN  | RedeemPopup.lua:66:21 | Undefined field `SetText`. [undefined-field]
WARN  | RedeemPopup.lua:75:21 | Undefined field `SetText`. [undefined-field]
WARN  | RedeemPopup.lua:83:21 | Undefined field `SetText`. [undefined-field]
WARN  | RedeemPopup.lua:99:17 | Undefined field `SetText`. [undefined-field]
WARN  | SettingsPopup.lua:33:8 | Impossible `if` statement: this condition is always falsy [unnecessary-if]
WARN  | SettingsPopup.lua:44:8 | Impossible `if` statement: this condition is always falsy [unnecessary-if]
WARN  | SettingsPopup.lua:143:40 | Unnecessary `if` statement: this condition is always truthy [unnecessary-if]
WARN  | SettingsPopup.lua:184:40 | Unnecessary `if` statement: this condition is always truthy [unnecessary-if]
WARN  | SettingsPopup.lua:233:56 | Impossible `if` statement: this condition is always falsy [unnecessary-if]
WARN  | SettingsPopup.lua:317:52 | Unnecessary `if` statement: this condition is always truthy [unnecessary-if]
WARN  | SettingsPopup.lua:323:56 | Impossible `if` statement: this condition is always falsy [unnecessary-if]
WARN  | SettingsPopup.lua:144:53 | Undefined field `SetText`. [undefined-field]
WARN  | SettingsPopup.lua:185:53 | Undefined field `SetText`. [undefined-field]
WARN  | SettingsPopup.lua:318:66 | Undefined field `SetText`. [undefined-field]
WARN  | Skills.lua:435:8 | Unnecessary `if` statement: this condition is always truthy [unnecessary-if]
WARN  | Skills.lua:483:16 | Unnecessary `if` statement: this condition is always truthy [unnecessary-if]
WARN  | Skills.lua:450:20 | Undefined field `disabled`. [undefined-field]
WARN  | Skills.lua:256:19 | Cannot assign `number` to `integer`. [assign-type-mismatch]
WARN  | Skills.lua:257:29 | Cannot assign `number` to `integer`. [assign-type-mismatch]
WARN  | TestPanel.lua:22:8 | Unnecessary `if` statement: this condition is always truthy [unnecessary-if]
WARN  | TestPanel.lua:71:8 | Unnecessary `if` statement: this condition is always truthy [unnecessary-if]
WARN  | TestPanel.lua:78:8 | Impossible `if` statement: this condition is always falsy [unnecessary-if]
WARN  | TestPanel.lua:251:32 | Unnecessary `if` statement: this condition is always truthy [unnecessary-if]
WARN  | TestPanel.lua:335:40 | Unnecessary `if` statement: this condition is always truthy [unnecessary-if]
WARN  | TestPanel.lua:397:48 | Impossible `if` statement: this condition is always falsy [unnecessary-if]
WARN  | TestPanel.lua:429:48 | Impossible `if` statement: this condition is always falsy [unnecessary-if]
WARN  | TestPanel.lua:466:48 | Impossible `if` statement: this condition is always falsy [unnecessary-if]
WARN  | TestPanel.lua:504:48 | Impossible `if` statement: this condition is always falsy [unnecessary-if]
WARN  | TestPanel.lua:544:48 | Impossible `if` statement: this condition is always falsy [unnecessary-if]
WARN  | TestPanel.lua:571:48 | Impossible `if` statement: this condition is always falsy [unnecessary-if]
WARN  | TestPanel.lua:622:48 | Impossible `if` statement: this condition is always falsy [unnecessary-if]
WARN  | TestPanel.lua:668:48 | Impossible `if` statement: this condition is always falsy [unnecessary-if]
WARN  | TestPanel.lua:683:48 | Impossible `if` statement: this condition is always falsy [unnecessary-if]
WARN  | TestPanel.lua:713:48 | Impossible `if` statement: this condition is always falsy [unnecessary-if]
WARN  | TestPanel.lua:768:52 | Impossible `if` statement: this condition is always falsy [unnecessary-if]
WARN  | TestPanel.lua:807:52 | Impossible `if` statement: this condition is always falsy [unnecessary-if]
WARN  | TestPanel.lua:846:52 | Impossible `if` statement: this condition is always falsy [unnecessary-if]
WARN  | TestPanel.lua:908:48 | Impossible `if` statement: this condition is always falsy [unnecessary-if]
WARN  | TestPanel.lua:936:48 | Impossible `if` statement: this condition is always falsy [unnecessary-if]
WARN  | TestPanel.lua:964:48 | Impossible `if` statement: this condition is always falsy [unnecessary-if]
WARN  | TestPanel.lua:993:48 | Impossible `if` statement: this condition is always falsy [unnecessary-if]
WARN  | TestPanel.lua:1048:48 | Impossible `if` statement: this condition is always falsy [unnecessary-if]
WARN  | TestPanel.lua:1079:48 | Impossible `if` statement: this condition is always falsy [unnecessary-if]
WARN  | TestPanel.lua:1110:48 | Impossible `if` statement: this condition is always falsy [unnecessary-if]
WARN  | TestPanel.lua:1187:40 | Unnecessary `if` statement: this condition is always truthy [unnecessary-if]
WARN  | TestPanel.lua:771:61 | G.battle may be nil [need-check-nil]
WARN  | TestPanel.lua:773:49 | G.battle may be nil [need-check-nil]
WARN  | TestPanel.lua:810:61 | G.battle may be nil [need-check-nil]
WARN  | TestPanel.lua:812:49 | G.battle may be nil [need-check-nil]
WARN  | TestPanel.lua:849:61 | G.battle may be nil [need-check-nil]
WARN  | TestPanel.lua:851:49 | G.battle may be nil [need-check-nil]
WARN  | TestPanel.lua:111:25 | Undefined field `SetText`. [undefined-field]
WARN  | TestPanel.lua:258:40 | Undefined field `SetText`. [undefined-field]
WARN  | TestPanel.lua:336:51 | Undefined field `SetText`. [undefined-field]
WARN  | TestPanel.lua:774:54 | Undefined field `SetText`. [undefined-field]
WARN  | TestPanel.lua:776:58 | Undefined field `SetDisabled`. [undefined-field]
WARN  | TestPanel.lua:813:54 | Undefined field `SetText`. [undefined-field]
WARN  | TestPanel.lua:815:58 | Undefined field `SetDisabled`. [undefined-field]
WARN  | TestPanel.lua:852:54 | Undefined field `SetText`. [undefined-field]
WARN  | TestPanel.lua:854:58 | Undefined field `SetDisabled`. [undefined-field]
WARN  | TestPanel.lua:1155:54 | Undefined field `SetText`. [undefined-field]
WARN  | TestPanel.lua:1188:53 | Undefined field `SetText`. [undefined-field]
WARN  | TestSetEffects.lua:384:19 | r may be nil [need-check-nil]
WARN  | TestSetEffects.lua:385:19 | r may be nil [need-check-nil]
WARN  | TestSetEffects.lua:387:24 | r may be nil [need-check-nil]
WARN  | TestSetEffects.lua:388:19 | r may be nil [need-check-nil]
WARN  | TestSetEffects.lua:389:72 | r may be nil [need-check-nil]
WARN  | TestSetEffects.lua:389:82 | r may be nil [need-check-nil]
WARN  | TestSetEffects.lua:390:30 | r may be nil [need-check-nil]
WARN  | TestSetEffects.lua:164:29 | Undefined field `atk`. [undefined-field]
WARN  | TestSetEffects.lua:166:29 | Undefined field `atk`. [undefined-field]
WARN  | TestSetEffects.lua:168:29 | Undefined field `atk`. [undefined-field]
WARN  | TurnFlow.lua:24:8 | Impossible `if` statement: this condition is always falsy [unnecessary-if]
WARN  | TurnFlow.lua:245:32 | Impossible `if` statement: this condition is always falsy [unnecessary-if]
WARN  | TurnFlow.lua:246:32 | Unnecessary `if` statement: this condition is always truthy [unnecessary-if]
WARN  | TurnFlow.lua:265:32 | Impossible `if` statement: this condition is always falsy [unnecessary-if]
WARN  | TurnFlow.lua:273:8 | Impossible `if` statement: this condition is always falsy [unnecessary-if]
WARN  | TurnFlow.lua:289:8 | Impossible `if` statement: this condition is always falsy [unnecessary-if]
WARN  | TurnFlow.lua:330:8 | Impossible `if` statement: this condition is always falsy [unnecessary-if]
WARN  | TurnFlow.lua:338:8 | Unnecessary `if` statement: this condition is always truthy [unnecessary-if]
WARN  | TurnFlow.lua:365:12 | Unnecessary `if` statement: this condition is always truthy [unnecessary-if]
WARN  | TurnFlow.lua:511:12 | Impossible `if` statement: this condition is always falsy [unnecessary-if]
WARN  | TurnFlow.lua:520:8 | Impossible `if` statement: this condition is always falsy [unnecessary-if]
WARN  | TurnFlow.lua:602:8 | Unnecessary `if` statement: this condition is always truthy [unnecessary-if]
WARN  | TurnFlow.lua:628:8 | Impossible `if` statement: this condition is always falsy [unnecessary-if]
WARN  | TurnFlow.lua:644:20 | Unnecessary `if` statement: this condition is always truthy [unnecessary-if]
WARN  | TurnFlow.lua:666:8 | Impossible `if` statement: this condition is always falsy [unnecessary-if]
WARN  | TurnFlow.lua:683:16 | Impossible `if` statement: this condition is always falsy [unnecessary-if]
WARN  | TurnFlow.lua:740:8 | Impossible `if` statement: this condition is always falsy [unnecessary-if]
WARN  | TurnFlow.lua:792:8 | Unnecessary `if` statement: this condition is always truthy [unnecessary-if]
WARN  | TurnFlow.lua:795:8 | Unnecessary `if` statement: this condition is always truthy [unnecessary-if]
WARN  | TurnFlow.lua:848:16 | Impossible `if` statement: this condition is always falsy [unnecessary-if]
WARN  | TurnFlow.lua:894:8 | Impossible `if` statement: this condition is always falsy [unnecessary-if]
WARN  | TurnFlow.lua:895:8 | Impossible `if` statement: this condition is always falsy [unnecessary-if]
WARN  | TurnFlow.lua:922:12 | Impossible `if` statement: this condition is always falsy [unnecessary-if]
WARN  | TurnFlow.lua:940:8 | Impossible `if` statement: this condition is always falsy [unnecessary-if]
WARN  | TurnFlow.lua:952:8 | Impossible `if` statement: this condition is always falsy [unnecessary-if]
WARN  | TurnFlow.lua:971:8 | Unnecessary `if` statement: this condition is always truthy [unnecessary-if]
WARN  | TurnFlow.lua:994:12 | Unnecessary `if` statement: this condition is always truthy [unnecessary-if]
WARN  | TurnFlow.lua:979:12 | Impossible `if` statement: this condition is always falsy [unnecessary-if]
WARN  | TurnFlow.lua:987:12 | Impossible `if` statement: this condition is always falsy [unnecessary-if]
WARN  | TurnFlow.lua:995:12 | Unnecessary `if` statement: this condition is always truthy [unnecessary-if]
WARN  | TurnFlow.lua:1078:8 | Unnecessary `if` statement: this condition is always truthy [unnecessary-if]
WARN  | TurnFlow.lua:1118:8 | Unnecessary `if` statement: this condition is always truthy [unnecessary-if]
WARN  | TurnFlow.lua:1152:12 | Unnecessary `if` statement: this condition is always truthy [unnecessary-if]
WARN  | TurnFlow.lua:1157:12 | Unnecessary `if` statement: this condition is always truthy [unnecessary-if]
WARN  | TurnFlow.lua:1204:12 | Impossible `if` statement: this condition is always falsy [unnecessary-if]
WARN  | TurnFlow.lua:1312:8 | Impossible `if` statement: this condition is always falsy [unnecessary-if]
WARN  | TurnFlow.lua:1322:8 | Impossible `if` statement: this condition is always falsy [unnecessary-if]
WARN  | TurnFlow.lua:1403:8 | Impossible `if` statement: this condition is always falsy [unnecessary-if]
WARN  | TurnFlow.lua:1469:36 | Impossible `if` statement: this condition is always falsy [unnecessary-if]
WARN  | TurnFlow.lua:1484:36 | Impossible `if` statement: this condition is always falsy [unnecessary-if]
WARN  | TurnFlow.lua:1599:8 | Impossible `if` statement: this condition is always falsy [unnecessary-if]
WARN  | TurnFlow.lua:1675:20 | Impossible `if` statement: this condition is always falsy [unnecessary-if]
WARN  | TurnFlow.lua:1695:16 | Impossible `if` statement: this condition is always falsy [unnecessary-if]
WARN  | TurnFlow.lua:1825:8 | Impossible `if` statement: this condition is always falsy [unnecessary-if]
WARN  | TurnFlow.lua:1845:8 | Impossible `if` statement: this condition is always falsy [unnecessary-if]
WARN  | TurnFlow.lua:1846:8 | Impossible `if` statement: this condition is always falsy [unnecessary-if]
WARN  | TurnFlow.lua:1858:8 | Impossible `if` statement: this condition is always falsy [unnecessary-if]
WARN  | TurnFlow.lua:1873:8 | Unnecessary `if` statement: this condition is always truthy [unnecessary-if]
WARN  | TurnFlow.lua:1879:8 | Unnecessary `if` statement: this condition is always truthy [unnecessary-if]
WARN  | TurnFlow.lua:1888:8 | Impossible `if` statement: this condition is always falsy [unnecessary-if]
WARN  | TurnFlow.lua:1985:24 | Unnecessary `if` statement: this condition is always truthy [unnecessary-if]
WARN  | TurnFlow.lua:1997:8 | Impossible `if` statement: this condition is always falsy [unnecessary-if]
WARN  | TurnFlow.lua:2000:16 | Impossible `if` statement: this condition is always falsy [unnecessary-if]
WARN  | TurnFlow.lua:2013:20 | Impossible `if` statement: this condition is always falsy [unnecessary-if]
WARN  | TurnFlow.lua:2097:12 | Impossible `if` statement: this condition is always falsy [unnecessary-if]
WARN  | TurnFlow.lua:2112:16 | Impossible `if` statement: this condition is always falsy [unnecessary-if]
WARN  | TurnFlow.lua:2114:20 | Impossible `if` statement: this condition is always falsy [unnecessary-if]
WARN  | TurnFlow.lua:2128:16 | Impossible `if` statement: this condition is always falsy [unnecessary-if]
WARN  | TurnFlow.lua:2175:20 | Impossible `if` statement: this condition is always falsy [unnecessary-if]
WARN  | TurnFlow.lua:2210:20 | Impossible `if` statement: this condition is always falsy [unnecessary-if]
WARN  | TurnFlow.lua:2243:16 | Impossible `if` statement: this condition is always falsy [unnecessary-if]
WARN  | TurnFlow.lua:2249:20 | Impossible `if` statement: this condition is always falsy [unnecessary-if]
WARN  | TurnFlow.lua:2280:12 | Impossible `if` statement: this condition is always falsy [unnecessary-if]
WARN  | TurnFlow.lua:60:29 | expected `table` but found `nil`. [param-type-mismatch]
WARN  | TurnFlow.lua:104:50 | expected `table` but found `never`. [param-type-mismatch]
WARN  | TurnFlow.lua:104:66 | expected `table<string,boolean>` but found `never`. [param-type-mismatch]
WARN  | TurnFlow.lua:283:41 | expected `table` but found `never`. [param-type-mismatch]
WARN  | TurnFlow.lua:304:47 | expected `table` but found `never`. [param-type-mismatch]
WARN  | TurnFlow.lua:306:44 | expected `table` but found `never`. [param-type-mismatch]
WARN  | TurnFlow.lua:343:36 | expected `table` but found `nil`. [param-type-mismatch]
WARN  | TurnFlow.lua:431:85 | expected `number` but found `never`. [param-type-mismatch]
WARN  | TurnFlow.lua:548:50 | expected `table` but found `never`. [param-type-mismatch]
WARN  | TurnFlow.lua:1175:21 | expected `string` but found `never`. [param-type-mismatch]
WARN  | TurnFlow.lua:1276:70 | expected `table` but found `table?`. [param-type-mismatch]
WARN  | TurnFlow.lua:1326:20 | expected `number` but found `never`. [param-type-mismatch]
WARN  | TurnFlow.lua:1326:52 | expected `number` but found `never`. [param-type-mismatch]
WARN  | TurnFlow.lua:1418:81 | expected `number` but found `never`. [param-type-mismatch]
WARN  | TurnFlow.lua:1573:39 | expected `integer` but found `number`. [param-type-mismatch]
WARN  | TurnFlow.lua:1593:29 | expected `table` but found `nil`. [param-type-mismatch]
WARN  | TurnFlow.lua:1611:45 | expected `table` but found `never`. [param-type-mismatch]
WARN  | TurnFlow.lua:1727:31 | expected `integer` but found `number`. [param-type-mismatch]
WARN  | TurnFlow.lua:44:20 | G.playerData may be nil [need-check-nil]
WARN  | TurnFlow.lua:45:13 | G.playerData may be nil [need-check-nil]
WARN  | TurnFlow.lua:52:21 | G.playerData may be nil [need-check-nil]
WARN  | TurnFlow.lua:53:13 | G.playerData may be nil [need-check-nil]
WARN  | TurnFlow.lua:55:13 | G.playerData may be nil [need-check-nil]
WARN  | TurnFlow.lua:55:42 | G.playerData may be nil [need-check-nil]
WARN  | TurnFlow.lua:103:23 | G.playerData may be nil [need-check-nil]
WARN  | TurnFlow.lua:104:50 | G.battle may be nil [need-check-nil]
WARN  | TurnFlow.lua:110:9 | G.playerData may be nil [need-check-nil]
WARN  | TurnFlow.lua:124:5 | G.playerData may be nil [need-check-nil]
WARN  | TurnFlow.lua:124:31 | G.playerData may be nil [need-check-nil]
WARN  | TurnFlow.lua:159:5 | G.playerData may be nil [need-check-nil]
WARN  | TurnFlow.lua:159:31 | G.playerData may be nil [need-check-nil]
WARN  | TurnFlow.lua:283:41 | G.battle may be nil [need-check-nil]
WARN  | TurnFlow.lua:304:47 | G.battle may be nil [need-check-nil]
WARN  | TurnFlow.lua:306:5 | G.battle may be nil [need-check-nil]
WARN  | TurnFlow.lua:306:44 | G.battle may be nil [need-check-nil]
WARN  | TurnFlow.lua:308:32 | G.battle may be nil [need-check-nil]
WARN  | TurnFlow.lua:317:46 | G.battle may be nil [need-check-nil]
WARN  | TurnFlow.lua:338:8 | G.battle may be nil [need-check-nil]
WARN  | TurnFlow.lua:339:27 | G.battle may be nil [need-check-nil]
WARN  | TurnFlow.lua:340:9 | G.battle may be nil [need-check-nil]
WARN  | TurnFlow.lua:341:9 | G.battle may be nil [need-check-nil]
WARN  | TurnFlow.lua:352:20 | G.battle may be nil [need-check-nil]
WARN  | TurnFlow.lua:353:5 | G.battle may be nil [need-check-nil]
WARN  | TurnFlow.lua:354:5 | G.battle may be nil [need-check-nil]
WARN  | TurnFlow.lua:357:46 | G.battle may be nil [need-check-nil]
WARN  | TurnFlow.lua:361:9 | G.battle may be nil [need-check-nil]
WARN  | TurnFlow.lua:363:9 | G.battle may be nil [need-check-nil]
WARN  | TurnFlow.lua:364:9 | G.battle may be nil [need-check-nil]
WARN  | TurnFlow.lua:365:12 | G.battle may be nil [need-check-nil]
WARN  | TurnFlow.lua:366:13 | G.battle may be nil [need-check-nil]
WARN  | TurnFlow.lua:373:9 | G.battle may be nil [need-check-nil]
WARN  | TurnFlow.lua:373:31 | G.battle may be nil [need-check-nil]
WARN  | TurnFlow.lua:373:58 | G.battle may be nil [need-check-nil]
WARN  | TurnFlow.lua:374:9 | G.battle may be nil [need-check-nil]
WARN  | TurnFlow.lua:391:9 | G.battle may be nil [need-check-nil]
WARN  | TurnFlow.lua:391:31 | G.battle may be nil [need-check-nil]
WARN  | TurnFlow.lua:391:58 | G.battle may be nil [need-check-nil]
WARN  | TurnFlow.lua:392:9 | G.battle may be nil [need-check-nil]
WARN  | TurnFlow.lua:430:5 | G.battle may be nil [need-check-nil]
WARN  | TurnFlow.lua:431:85 | G.battle may be nil [need-check-nil]
WARN  | TurnFlow.lua:432:5 | G.battle may be nil [need-check-nil]
WARN  | TurnFlow.lua:435:5 | G.battle may be nil [need-check-nil]
WARN  | TurnFlow.lua:440:18 | G.battle may be nil [need-check-nil]
WARN  | TurnFlow.lua:454:8 | G.battle may be nil [need-check-nil]
WARN  | TurnFlow.lua:454:42 | G.battle may be nil [need-check-nil]
WARN  | TurnFlow.lua:455:9 | G.battle may be nil [need-check-nil]
WARN  | TurnFlow.lua:455:41 | G.battle may be nil [need-check-nil]
WARN  | TurnFlow.lua:456:12 | G.battle may be nil [need-check-nil]
WARN  | TurnFlow.lua:461:8 | G.battle may be nil [need-check-nil]
WARN  | TurnFlow.lua:461:41 | G.battle may be nil [need-check-nil]
WARN  | TurnFlow.lua:462:9 | G.battle may be nil [need-check-nil]
WARN  | TurnFlow.lua:462:40 | G.battle may be nil [need-check-nil]
WARN  | TurnFlow.lua:463:12 | G.battle may be nil [need-check-nil]
WARN  | TurnFlow.lua:468:8 | G.battle may be nil [need-check-nil]
WARN  | TurnFlow.lua:468:37 | G.battle may be nil [need-check-nil]
WARN  | TurnFlow.lua:469:9 | G.battle may be nil [need-check-nil]
WARN  | TurnFlow.lua:469:36 | G.battle may be nil [need-check-nil]
WARN  | TurnFlow.lua:470:12 | G.battle may be nil [need-check-nil]
WARN  | TurnFlow.lua:475:8 | G.battle may be nil [need-check-nil]
WARN  | TurnFlow.lua:475:37 | G.battle may be nil [need-check-nil]
WARN  | TurnFlow.lua:476:22 | G.battle may be nil [need-check-nil]
WARN  | TurnFlow.lua:480:9 | G.battle may be nil [need-check-nil]
WARN  | TurnFlow.lua:480:36 | G.battle may be nil [need-check-nil]
WARN  | TurnFlow.lua:481:12 | G.battle may be nil [need-check-nil]
WARN  | TurnFlow.lua:486:8 | G.battle may be nil [need-check-nil]
WARN  | TurnFlow.lua:486:37 | G.battle may be nil [need-check-nil]
WARN  | TurnFlow.lua:487:22 | G.battle may be nil [need-check-nil]
WARN  | TurnFlow.lua:491:9 | G.battle may be nil [need-check-nil]
WARN  | TurnFlow.lua:491:36 | G.battle may be nil [need-check-nil]
WARN  | TurnFlow.lua:492:12 | G.battle may be nil [need-check-nil]
WARN  | TurnFlow.lua:498:8 | G.battle may be nil [need-check-nil]
WARN  | TurnFlow.lua:498:39 | G.battle may be nil [need-check-nil]
WARN  | TurnFlow.lua:499:9 | G.battle may be nil [need-check-nil]
WARN  | TurnFlow.lua:499:38 | G.battle may be nil [need-check-nil]
WARN  | TurnFlow.lua:503:8 | G.battle may be nil [need-check-nil]
WARN  | TurnFlow.lua:503:38 | G.battle may be nil [need-check-nil]
WARN  | TurnFlow.lua:504:9 | G.battle may be nil [need-check-nil]
WARN  | TurnFlow.lua:504:37 | G.battle may be nil [need-check-nil]
WARN  | TurnFlow.lua:506:12 | G.battle may be nil [need-check-nil]
WARN  | TurnFlow.lua:507:13 | G.battle may be nil [need-check-nil]
WARN  | TurnFlow.lua:513:9 | G.battle may be nil [need-check-nil]
WARN  | TurnFlow.lua:525:42 | G.battle may be nil [need-check-nil]
WARN  | TurnFlow.lua:525:61 | G.battle may be nil [need-check-nil]
WARN  | TurnFlow.lua:532:18 | G.battle may be nil [need-check-nil]
WARN  | TurnFlow.lua:538:43 | G.battle may be nil [need-check-nil]
WARN  | TurnFlow.lua:543:25 | G.battle may be nil [need-check-nil]
WARN  | TurnFlow.lua:543:80 | G.battle may be nil [need-check-nil]
WARN  | TurnFlow.lua:544:47 | G.battle may be nil [need-check-nil]
WARN  | TurnFlow.lua:548:8 | G.battle may be nil [need-check-nil]
WARN  | TurnFlow.lua:548:50 | G.battle may be nil [need-check-nil]
WARN  | TurnFlow.lua:549:47 | G.battle may be nil [need-check-nil]
WARN  | TurnFlow.lua:567:50 | G.battle may be nil [need-check-nil]
WARN  | TurnFlow.lua:579:54 | G.battle may be nil [need-check-nil]
WARN  | TurnFlow.lua:601:16 | G.battle may be nil [need-check-nil]
WARN  | TurnFlow.lua:602:15 | G.battle may be nil [need-check-nil]
WARN  | TurnFlow.lua:617:12 | G.playerData may be nil [need-check-nil]
WARN  | TurnFlow.lua:636:12 | G.playerData may be nil [need-check-nil]
WARN  | TurnFlow.lua:653:21 | G.playerData may be nil [need-check-nil]
WARN  | TurnFlow.lua:666:8 | G.battle may be nil [need-check-nil]
WARN  | TurnFlow.lua:667:16 | G.playerData may be nil [need-check-nil]
WARN  | TurnFlow.lua:671:30 | G.battle may be nil [need-check-nil]
WARN  | TurnFlow.lua:671:85 | G.battle may be nil [need-check-nil]
WARN  | TurnFlow.lua:674:55 | G.battle may be nil [need-check-nil]
WARN  | TurnFlow.lua:690:17 | G.playerData may be nil [need-check-nil]
WARN  | TurnFlow.lua:705:25 | G.battle may be nil [need-check-nil]
WARN  | TurnFlow.lua:705:80 | G.battle may be nil [need-check-nil]
WARN  | TurnFlow.lua:706:45 | G.battle may be nil [need-check-nil]
WARN  | TurnFlow.lua:724:25 | G.battle may be nil [need-check-nil]
WARN  | TurnFlow.lua:724:56 | G.battle may be nil [need-check-nil]
WARN  | TurnFlow.lua:728:24 | G.battle may be nil [need-check-nil]
WARN  | TurnFlow.lua:729:39 | G.battle may be nil [need-check-nil]
WARN  | TurnFlow.lua:740:12 | G.playerData may be nil [need-check-nil]
WARN  | TurnFlow.lua:747:17 | G.playerData may be nil [need-check-nil]
WARN  | TurnFlow.lua:781:8 | G.battle may be nil [need-check-nil]
WARN  | TurnFlow.lua:783:12 | G.battle may be nil [need-check-nil]
WARN  | TurnFlow.lua:800:59 | G.playerData may be nil [need-check-nil]
WARN  | TurnFlow.lua:804:70 | G.battle may be nil [need-check-nil]
WARN  | TurnFlow.lua:805:70 | G.battle may be nil [need-check-nil]
WARN  | TurnFlow.lua:809:9 | G.playerData may be nil [need-check-nil]
WARN  | TurnFlow.lua:820:13 | G.battle may be nil [need-check-nil]
WARN  | TurnFlow.lua:918:9 | G.battle may be nil [need-check-nil]
WARN  | TurnFlow.lua:926:25 | lastJump may be nil [need-check-nil]
WARN  | TurnFlow.lua:927:25 | lastJump may be nil [need-check-nil]
WARN  | TurnFlow.lua:936:5 | G.battle may be nil [need-check-nil]
WARN  | TurnFlow.lua:947:22 | G.battle may be nil [need-check-nil]
WARN  | TurnFlow.lua:948:22 | G.battle may be nil [need-check-nil]
WARN  | TurnFlow.lua:949:5 | G.battle may be nil [need-check-nil]
WARN  | TurnFlow.lua:971:8 | jumpInfo may be nil [need-check-nil]
WARN  | TurnFlow.lua:973:12 | jumpInfo may be nil [need-check-nil]
WARN  | TurnFlow.lua:974:16 | jumpInfo may be nil [need-check-nil]
WARN  | TurnFlow.lua:974:38 | jumpInfo may be nil [need-check-nil]
WARN  | TurnFlow.lua:975:16 | jumpInfo may be nil [need-check-nil]
WARN  | TurnFlow.lua:975:38 | jumpInfo may be nil [need-check-nil]
WARN  | TurnFlow.lua:979:26 | jumpInfo may be nil [need-check-nil]
WARN  | TurnFlow.lua:979:52 | jumpInfo may be nil [need-check-nil]
WARN  | TurnFlow.lua:980:16 | jumpInfo may be nil [need-check-nil]
WARN  | TurnFlow.lua:981:20 | jumpInfo may be nil [need-check-nil]
WARN  | TurnFlow.lua:981:43 | jumpInfo may be nil [need-check-nil]
WARN  | TurnFlow.lua:982:20 | jumpInfo may be nil [need-check-nil]
WARN  | TurnFlow.lua:982:43 | jumpInfo may be nil [need-check-nil]
WARN  | TurnFlow.lua:987:26 | jumpInfo may be nil [need-check-nil]
WARN  | TurnFlow.lua:987:52 | jumpInfo may be nil [need-check-nil]
WARN  | TurnFlow.lua:988:16 | jumpInfo may be nil [need-check-nil]
WARN  | TurnFlow.lua:989:20 | jumpInfo may be nil [need-check-nil]
WARN  | TurnFlow.lua:989:43 | jumpInfo may be nil [need-check-nil]
WARN  | TurnFlow.lua:990:20 | jumpInfo may be nil [need-check-nil]
WARN  | TurnFlow.lua:990:43 | jumpInfo may be nil [need-check-nil]
WARN  | TurnFlow.lua:994:12 | jumpInfo may be nil [need-check-nil]
WARN  | TurnFlow.lua:995:12 | jumpInfo may be nil [need-check-nil]
WARN  | TurnFlow.lua:997:24 | G.battle may be nil [need-check-nil]
WARN  | TurnFlow.lua:998:21 | G.battle may be nil [need-check-nil]
WARN  | TurnFlow.lua:999:35 | jumpInfo may be nil [need-check-nil]
WARN  | TurnFlow.lua:999:68 | jumpInfo may be nil [need-check-nil]
WARN  | TurnFlow.lua:1004:47 | G.battle may be nil [need-check-nil]
WARN  | TurnFlow.lua:1004:63 | jumpInfo may be nil [need-check-nil]
WARN  | TurnFlow.lua:1004:83 | jumpInfo may be nil [need-check-nil]
WARN  | TurnFlow.lua:1007:16 | G.battle may be nil [need-check-nil]
WARN  | TurnFlow.lua:1008:36 | G.battle may be nil [need-check-nil]
WARN  | TurnFlow.lua:1009:33 | jumpInfo may be nil [need-check-nil]
WARN  | TurnFlow.lua:1009:65 | jumpInfo may be nil [need-check-nil]
WARN  | TurnFlow.lua:1021:40 | G.battle may be nil [need-check-nil]
WARN  | TurnFlow.lua:1021:56 | jumpInfo may be nil [need-check-nil]
WARN  | TurnFlow.lua:1021:70 | jumpInfo may be nil [need-check-nil]
WARN  | TurnFlow.lua:1028:51 | G.battle may be nil [need-check-nil]
WARN  | TurnFlow.lua:1028:67 | jumpInfo may be nil [need-check-nil]
WARN  | TurnFlow.lua:1028:81 | jumpInfo may be nil [need-check-nil]
WARN  | TurnFlow.lua:1030:26 | G.battle may be nil [need-check-nil]
WARN  | TurnFlow.lua:1036:24 | jumpInfo may be nil [need-check-nil]
WARN  | TurnFlow.lua:1037:24 | jumpInfo may be nil [need-check-nil]
WARN  | TurnFlow.lua:1039:13 | G.battle may be nil [need-check-nil]
WARN  | TurnFlow.lua:1039:30 | G.battle may be nil [need-check-nil]
WARN  | TurnFlow.lua:1040:16 | G.battle may be nil [need-check-nil]
WARN  | TurnFlow.lua:1040:33 | G.battle may be nil [need-check-nil]
WARN  | TurnFlow.lua:1041:17 | G.battle may be nil [need-check-nil]
WARN  | TurnFlow.lua:1041:37 | G.battle may be nil [need-check-nil]
WARN  | TurnFlow.lua:1043:30 | G.battle may be nil [need-check-nil]
WARN  | TurnFlow.lua:1045:46 | jumpInfo may be nil [need-check-nil]
WARN  | TurnFlow.lua:1045:60 | jumpInfo may be nil [need-check-nil]
WARN  | TurnFlow.lua:1047:16 | G.battle may be nil [need-check-nil]
WARN  | TurnFlow.lua:1049:21 | G.battle may be nil [need-check-nil]
WARN  | TurnFlow.lua:1061:16 | G.battle may be nil [need-check-nil]
WARN  | TurnFlow.lua:1061:66 | G.battle may be nil [need-check-nil]
WARN  | TurnFlow.lua:1061:82 | jumpInfo may be nil [need-check-nil]
WARN  | TurnFlow.lua:1061:96 | jumpInfo may be nil [need-check-nil]
WARN  | TurnFlow.lua:1062:50 | G.battle may be nil [need-check-nil]
WARN  | TurnFlow.lua:1062:69 | G.battle may be nil [need-check-nil]
WARN  | TurnFlow.lua:1073:22 | G.battle may be nil [need-check-nil]
WARN  | TurnFlow.lua:1078:8 | G.battle may be nil [need-check-nil]
WARN  | TurnFlow.lua:1079:9 | G.battle may be nil [need-check-nil]
WARN  | TurnFlow.lua:1081:42 | G.battle may be nil [need-check-nil]
WARN  | TurnFlow.lua:1081:61 | G.battle may be nil [need-check-nil]
WARN  | TurnFlow.lua:1090:8 | G.battle may be nil [need-check-nil]
WARN  | TurnFlow.lua:1092:13 | G.battle may be nil [need-check-nil]
WARN  | TurnFlow.lua:1113:36 | G.battle may be nil [need-check-nil]
WARN  | TurnFlow.lua:1118:8 | G.battle may be nil [need-check-nil]
WARN  | TurnFlow.lua:1126:47 | G.battle may be nil [need-check-nil]
WARN  | TurnFlow.lua:1127:13 | G.battle may be nil [need-check-nil]
WARN  | TurnFlow.lua:1127:32 | G.battle may be nil [need-check-nil]
WARN  | TurnFlow.lua:1128:17 | G.battle may be nil [need-check-nil]
WARN  | TurnFlow.lua:1128:35 | G.battle may be nil [need-check-nil]
WARN  | TurnFlow.lua:1130:22 | G.battle may be nil [need-check-nil]
WARN  | TurnFlow.lua:1131:26 | G.battle may be nil [need-check-nil]
WARN  | TurnFlow.lua:1131:81 | G.battle may be nil [need-check-nil]
WARN  | TurnFlow.lua:1132:52 | G.battle may be nil [need-check-nil]
WARN  | TurnFlow.lua:1134:13 | G.battle may be nil [need-check-nil]
WARN  | TurnFlow.lua:1137:13 | G.battle may be nil [need-check-nil]
WARN  | TurnFlow.lua:1139:13 | G.battle may be nil [need-check-nil]
WARN  | TurnFlow.lua:1140:13 | G.battle may be nil [need-check-nil]
WARN  | TurnFlow.lua:1146:9 | G.battle may be nil [need-check-nil]
WARN  | TurnFlow.lua:1150:9 | G.battle may be nil [need-check-nil]
WARN  | TurnFlow.lua:1151:9 | G.battle may be nil [need-check-nil]
WARN  | TurnFlow.lua:1152:12 | G.battle may be nil [need-check-nil]
WARN  | TurnFlow.lua:1153:70 | G.battle may be nil [need-check-nil]
WARN  | TurnFlow.lua:1157:12 | G.battle may be nil [need-check-nil]
WARN  | TurnFlow.lua:1171:19 | G.battle may be nil [need-check-nil]
WARN  | TurnFlow.lua:1172:5 | G.battle may be nil [need-check-nil]
WARN  | TurnFlow.lua:1173:5 | G.battle may be nil [need-check-nil]
WARN  | TurnFlow.lua:1240:35 | G.playerData may be nil [need-check-nil]
WARN  | TurnFlow.lua:1274:58 | spotlightInfo may be nil [need-check-nil]
WARN  | TurnFlow.lua:1284:24 | G.playerData may be nil [need-check-nil]
WARN  | TurnFlow.lua:1284:57 | G.playerData may be nil [need-check-nil]
WARN  | TurnFlow.lua:1285:17 | G.playerData may be nil [need-check-nil]
WARN  | TurnFlow.lua:1285:54 | spotlightInfo may be nil [need-check-nil]
WARN  | TurnFlow.lua:1323:5 | G.battle may be nil [need-check-nil]
WARN  | TurnFlow.lua:1326:20 | G.battle may be nil [need-check-nil]
WARN  | TurnFlow.lua:1326:52 | G.battle may be nil [need-check-nil]
WARN  | TurnFlow.lua:1415:26 | G.playerData may be nil [need-check-nil]
WARN  | TurnFlow.lua:1492:9 | UI.GetRoot() may be nil [need-check-nil]
WARN  | TurnFlow.lua:1503:8 | G.battle may be nil [need-check-nil]
WARN  | TurnFlow.lua:1503:35 | G.battle may be nil [need-check-nil]
WARN  | TurnFlow.lua:1512:5 | G.battle may be nil [need-check-nil]
WARN  | TurnFlow.lua:1522:35 | G.battle may be nil [need-check-nil]
WARN  | TurnFlow.lua:1524:55 | G.battle may be nil [need-check-nil]
WARN  | TurnFlow.lua:1526:17 | G.battle may be nil [need-check-nil]
WARN  | TurnFlow.lua:1526:33 | G.battle may be nil [need-check-nil]
WARN  | TurnFlow.lua:1527:50 | G.battle may be nil [need-check-nil]
WARN  | TurnFlow.lua:1527:69 | G.battle may be nil [need-check-nil]
WARN  | TurnFlow.lua:1542:22 | G.battle may be nil [need-check-nil]
WARN  | TurnFlow.lua:1583:23 | G.battle may be nil [need-check-nil]
WARN  | TurnFlow.lua:1587:21 | G.playerData may be nil [need-check-nil]
WARN  | TurnFlow.lua:1588:9 | G.playerData may be nil [need-check-nil]
WARN  | TurnFlow.lua:1590:9 | G.playerData may be nil [need-check-nil]
WARN  | TurnFlow.lua:1590:38 | G.playerData may be nil [need-check-nil]
WARN  | TurnFlow.lua:1611:45 | G.battle may be nil [need-check-nil]
WARN  | TurnFlow.lua:1613:22 | G.battle may be nil [need-check-nil]
WARN  | TurnFlow.lua:1613:54 | G.battle may be nil [need-check-nil]
WARN  | TurnFlow.lua:1638:56 | G.battle may be nil [need-check-nil]
WARN  | TurnFlow.lua:1639:46 | G.battle may be nil [need-check-nil]
WARN  | TurnFlow.lua:1640:54 | G.battle may be nil [need-check-nil]
WARN  | TurnFlow.lua:1643:87 | G.battle may be nil [need-check-nil]
WARN  | TurnFlow.lua:1806:5 | UI.GetRoot() may be nil [need-check-nil]
WARN  | TurnFlow.lua:1831:9 | G.playerData may be nil [need-check-nil]
WARN  | TurnFlow.lua:1831:35 | G.playerData may be nil [need-check-nil]
WARN  | TurnFlow.lua:487:15 | Redefined local variable `hero` [redefined-local]
WARN  | TurnFlow.lua:476:15 | Redefined local variable `hero` [redefined-local]
WARN  | TurnFlow.lua:1327:55 | Undefined field `comboTutorialShowing`. [undefined-field]
WARN  | TurnFlow.lua:1508:10 | Undefined field `comboTutorialShowing`. [undefined-field]
WARN  | TurnFlow.lua:1926:14 | Undefined field `comboTutorialShowing`. [undefined-field]
WARN  | TurnFlow.lua:2220:45 | Undefined field `comboTutorialShowing`. [undefined-field]
WARN  | TurnFlow.lua:441:13 | Undefined field `silencedTurns`. [undefined-field]
WARN  | TurnFlow.lua:441:36 | Undefined field `silencedTurns`. [undefined-field]
WARN  | TurnFlow.lua:442:35 | Undefined field `silencedTurns`. [undefined-field]
WARN  | TurnFlow.lua:443:17 | Undefined field `silencedTurns`. [undefined-field]
WARN  | TurnFlow.lua:477:55 | Undefined field `maxHp`. [undefined-field]
WARN  | TurnFlow.lua:478:36 | Undefined field `hp`. [undefined-field]
WARN  | TurnFlow.lua:479:47 | Undefined field `col`. [undefined-field]
WARN  | TurnFlow.lua:479:57 | Undefined field `row`. [undefined-field]
WARN  | TurnFlow.lua:488:54 | Undefined field `maxHp`. [undefined-field]
WARN  | TurnFlow.lua:489:33 | Undefined field `maxHp`. [undefined-field]
WARN  | TurnFlow.lua:489:45 | Undefined field `hp`. [undefined-field]
WARN  | TurnFlow.lua:490:47 | Undefined field `col`. [undefined-field]
WARN  | TurnFlow.lua:490:57 | Undefined field `row`. [undefined-field]
WARN  | TurnFlow.lua:525:56 | Undefined field `col`. [undefined-field]
WARN  | TurnFlow.lua:525:75 | Undefined field `row`. [undefined-field]
WARN  | TurnFlow.lua:533:13 | Undefined field `hp`. [undefined-field]
WARN  | TurnFlow.lua:538:64 | Undefined field `col`. [undefined-field]
WARN  | TurnFlow.lua:538:74 | Undefined field `row`. [undefined-field]
WARN  | TurnFlow.lua:540:13 | Undefined field `silencedTurns`. [undefined-field]
WARN  | TurnFlow.lua:540:36 | Undefined field `silencedTurns`. [undefined-field]
WARN  | TurnFlow.lua:544:68 | Undefined field `col`. [undefined-field]
WARN  | TurnFlow.lua:544:78 | Undefined field `row`. [undefined-field]
WARN  | TurnFlow.lua:564:64 | Undefined field `col`. [undefined-field]
WARN  | TurnFlow.lua:564:74 | Undefined field `row`. [undefined-field]
WARN  | TurnFlow.lua:569:65 | Undefined field `col`. [undefined-field]
WARN  | TurnFlow.lua:569:75 | Undefined field `row`. [undefined-field]
WARN  | TurnFlow.lua:604:42 | Undefined field `col`. [undefined-field]
WARN  | TurnFlow.lua:604:76 | Undefined field `row`. [undefined-field]
WARN  | TurnFlow.lua:609:42 | Undefined field `col`. [undefined-field]
WARN  | TurnFlow.lua:609:76 | Undefined field `row`. [undefined-field]
WARN  | TurnFlow.lua:646:55 | Undefined field `col`. [undefined-field]
WARN  | TurnFlow.lua:647:55 | Undefined field `row`. [undefined-field]
WARN  | TurnFlow.lua:650:57 | Undefined field `col`. [undefined-field]
WARN  | TurnFlow.lua:651:57 | Undefined field `row`. [undefined-field]
WARN  | TurnFlow.lua:678:40 | Undefined field `col`. [undefined-field]
WARN  | TurnFlow.lua:678:63 | Undefined field `row`. [undefined-field]
WARN  | TurnFlow.lua:688:54 | Undefined field `col`. [undefined-field]
WARN  | TurnFlow.lua:689:54 | Undefined field `row`. [undefined-field]
WARN  | TurnFlow.lua:724:39 | Undefined field `col`. [undefined-field]
WARN  | TurnFlow.lua:724:70 | Undefined field `row`. [undefined-field]
WARN  | TurnFlow.lua:730:32 | Undefined field `col`. [undefined-field]
WARN  | TurnFlow.lua:730:52 | Undefined field `row`. [undefined-field]
WARN  | TurnFlow.lua:804:84 | Undefined field `col`. [undefined-field]
WARN  | TurnFlow.lua:805:84 | Undefined field `row`. [undefined-field]
WARN  | TurnFlow.lua:947:36 | Undefined field `col`. [undefined-field]
WARN  | TurnFlow.lua:948:36 | Undefined field `row`. [undefined-field]
WARN  | TurnFlow.lua:973:27 | Undefined field `hp`. [undefined-field]
WARN  | TurnFlow.lua:974:31 | Undefined field `col`. [undefined-field]
WARN  | TurnFlow.lua:975:31 | Undefined field `row`. [undefined-field]
WARN  | TurnFlow.lua:980:32 | Undefined field `hp`. [undefined-field]
WARN  | TurnFlow.lua:981:36 | Undefined field `col`. [undefined-field]
WARN  | TurnFlow.lua:982:36 | Undefined field `row`. [undefined-field]
WARN  | TurnFlow.lua:988:32 | Undefined field `hp`. [undefined-field]
WARN  | TurnFlow.lua:989:36 | Undefined field `col`. [undefined-field]
WARN  | TurnFlow.lua:990:36 | Undefined field `row`. [undefined-field]
WARN  | TurnFlow.lua:998:60 | Undefined field `hp`. [undefined-field]
WARN  | TurnFlow.lua:999:28 | Undefined field `col`. [undefined-field]
WARN  | TurnFlow.lua:999:61 | Undefined field `row`. [undefined-field]
WARN  | TurnFlow.lua:1007:31 | Undefined field `shells`. [undefined-field]
WARN  | TurnFlow.lua:1008:51 | Undefined field `shells`. [undefined-field]
WARN  | TurnFlow.lua:1047:30 | Undefined field `hp`. [undefined-field]
WARN  | TurnFlow.lua:1062:64 | Undefined field `col`. [undefined-field]
WARN  | TurnFlow.lua:1062:83 | Undefined field `row`. [undefined-field]
WARN  | TurnFlow.lua:1081:56 | Undefined field `col`. [undefined-field]
WARN  | TurnFlow.lua:1081:75 | Undefined field `row`. [undefined-field]
WARN  | TurnFlow.lua:1090:22 | Undefined field `hp`. [undefined-field]
WARN  | TurnFlow.lua:1132:73 | Undefined field `col`. [undefined-field]
WARN  | TurnFlow.lua:1132:83 | Undefined field `row`. [undefined-field]
WARN  | TurnFlow.lua:1527:64 | Undefined field `col`. [undefined-field]
WARN  | TurnFlow.lua:1527:83 | Undefined field `row`. [undefined-field]
WARN  | TurnFlow.lua:1545:36 | Undefined field `_gameTime`. [undefined-field]
WARN  | TurnFlow.lua:1971:85 | Undefined field `col`. [undefined-field]
WARN  | TurnFlow.lua:1971:95 | Undefined field `row`. [undefined-field]
WARN  | TurnFlow.lua:2067:34 | Undefined field `hp`. [undefined-field]
WARN  | TurnFlow.lua:2069:76 | Undefined field `col`. [undefined-field]
WARN  | TurnFlow.lua:2069:86 | Undefined field `row`. [undefined-field]
WARN  | WheelPopup.lua:285:8 | Impossible `if` statement: this condition is always falsy [unnecessary-if]
WARN  | WheelPopup.lua:346:20 | Impossible `if` statement: this condition is always falsy [unnecessary-if]
WARN  | WheelPopup.lua:660:12 | Impossible `if` statement: this condition is always falsy [unnecessary-if]
WARN  | WheelPopup.lua:908:8 | Impossible `if` statement: this condition is always falsy [unnecessary-if]
WARN  | WheelPopup.lua:536:21 | c may be nil [need-check-nil]
WARN  | WheelPopup.lua:536:32 | c may be nil [need-check-nil]
WARN  | WheelPopup.lua:536:43 | c may be nil [need-check-nil]
WARN  | WheelPopup.lua:537:21 | c may be nil [need-check-nil]
WARN  | WheelPopup.lua:537:33 | c may be nil [need-check-nil]
WARN  | WheelPopup.lua:537:45 | c may be nil [need-check-nil]
WARN  | test_splitting_urchin.lua:78:56 | slot may be nil [need-check-nil]
WARN  | test_splitting_urchin.lua:78:66 | slot may be nil [need-check-nil]
WARN  | main.lua:206:8 | Unnecessary `if` statement: this condition is always truthy [unnecessary-if]
WARN  | main.lua:208:12 | Impossible `if` statement: this condition is always falsy [unnecessary-if]
WARN  | main.lua:212:12 | Impossible `if` statement: this condition is always falsy [unnecessary-if]
WARN  | main.lua:216:12 | Impossible `if` statement: this condition is always falsy [unnecessary-if]
WARN  | main.lua:236:8 | Unnecessary `if` statement: this condition is always truthy [unnecessary-if]
WARN  | main.lua:171:54 | Undefined field `_recoveredFromBackup`. [undefined-field]
WARN  | main.lua:204:5 | Cannot assign `number` to `integer`. [assign-type-mismatch]
HINT  | AudioManager.lua:5:7 | G is never used, if this is intentional, prefix it with an underscore: _G [unused]
HINT  | Battle.lua:5503:13 | dirIdx is never used, if this is intentional, prefix it with an underscore: _dirIdx [unused]
HINT  | Battle.lua:1097:9 | i is never used, if this is intentional, prefix it with an underscore: _i [unused]
HINT  | Battle.lua:2647:13 | attempts is never used, if this is intentional, prefix it with an underscore: _attempts [unused]
HINT  | Battle.lua:2438:9 | i is never used, if this is intentional, prefix it with an underscore: _i [unused]
HINT  | Battle.lua:1457:37 | state is never used, if this is intentional, prefix it with an underscore: _state [unused]
HINT  | Battle.lua:5725:15 | bombEmoji is never used, if this is intentional, prefix it with an underscore: _bombEmoji [unused]
HINT  | Battle.lua:2090:13 | i is never used, if this is intentional, prefix it with an underscore: _i [unused]
HINT  | Battle.lua:2682:9 | i is never used, if this is intentional, prefix it with an underscore: _i [unused]
HINT  | Battle.lua:23:7 | AddLog is never used, if this is intentional, prefix it with an underscore: _AddLog [unused]
HINT  | Battle.lua:20:7 | FindOptimalRangeMove is never used, if this is intentional, prefix it with an underscore: _FindOptimalRangeMove [unused]
HINT  | Battle.lua:18:7 | FindClosestMove is never used, if this is intentional, prefix it with an underscore: _FindClosestMove [unused]
HINT  | Battle.lua:21:7 | AddVFX is never used, if this is intentional, prefix it with an underscore: _AddVFX [unused]
HINT  | Battle.lua:1457:59 | srcLabel is never used, if this is intentional, prefix it with an underscore: _srcLabel [unused]
HINT  | Battle.lua:2082:13 | i is never used, if this is intentional, prefix it with an underscore: _i [unused]
HINT  | Battle.lua:1812:17 | i is never used, if this is intentional, prefix it with an underscore: _i [unused]
HINT  | Battle.lua:19:7 | FindFarthestMove is never used, if this is intentional, prefix it with an underscore: _FindFarthestMove [unused]
HINT  | Battle.lua:22:7 | AddFloatingText is never used, if this is intentional, prefix it with an underscore: _AddFloatingText [unused]
HINT  | Battle.lua:39:34 | Prefer use local alias variable 'AddVFX' [preferred-local-alias]
HINT  | Battle.lua:40:34 | Prefer use local alias variable 'AddFloatingText' [preferred-local-alias]
HINT  | Battle.lua:41:34 | Prefer use local alias variable 'AddLog' [preferred-local-alias]
HINT  | Battle.lua:44:34 | Prefer use local alias variable 'FindClosestMove' [preferred-local-alias]
HINT  | Battle.lua:45:34 | Prefer use local alias variable 'FindFarthestMove' [preferred-local-alias]
HINT  | Battle.lua:46:35 | Prefer use local alias variable 'FindOptimalRangeMove' [preferred-local-alias]
HINT  | Battle.lua:1844:67 | Prefer use local alias variable 'bossCol' [preferred-local-alias]
HINT  | BattleBoss.lua:1044:13 | step is never used, if this is intentional, prefix it with an underscore: _step [unused]
HINT  | BattleBoss.lua:24:16 | B is never used, if this is intentional, prefix it with an underscore: _B [unused]
HINT  | BattleBoss.lua:327:11 | ndx is never used, if this is intentional, prefix it with an underscore: _ndx [unused]
HINT  | BattleBoss.lua:759:15 | splashDmg is never used, if this is intentional, prefix it with an underscore: _splashDmg [unused]
HINT  | BattleBoss.lua:14:7 | ENEMY_TEMPLATES is never used, if this is intentional, prefix it with an underscore: _ENEMY_TEMPLATES [unused]
HINT  | BattleBoss.lua:413:11 | heroKey is never used, if this is intentional, prefix it with an underscore: _heroKey [unused]
HINT  | BattleBoss.lua:328:11 | ndy is never used, if this is intentional, prefix it with an underscore: _ndy [unused]
HINT  | BattleBoss.lua:329:11 | ndz is never used, if this is intentional, prefix it with an underscore: _ndz [unused]
HINT  | BattleBoss.lua:318:16 | GetConeTiles is never used, if this is intentional, prefix it with an underscore: _GetConeTiles [unused]
HINT  | BattleUtils.lua:88:23 | dist is never used, if this is intentional, prefix it with an underscore: _dist [unused]
HINT  | BoardWidget.lua:2680:13 | tIdx is never used, if this is intentional, prefix it with an underscore: _tIdx [unused]
HINT  | BoardWidget.lua:151:43 | widget is never used, if this is intentional, prefix it with an underscore: _widget [unused]
HINT  | BoardWidget.lua:53:16 | GetEnemyColor is never used, if this is intentional, prefix it with an underscore: _GetEnemyColor [unused]
HINT  | BoardWidget.lua:156:7 | Fields cannot be injected into the reference of `{ boardWidgetRef = table, boardLayoutW = any, boardLayoutH = any, ... }` for `boardWidgetRef`. [inject-field]
HINT  | BoardWidget.lua:174:7 | Fields cannot be injected into the reference of `{ boardWidgetRef = table, boardLayoutW = any, boardLayoutH = any, ... }` for `boardLayoutW`. [inject-field]
HINT  | BoardWidget.lua:175:7 | Fields cannot be injected into the reference of `{ boardWidgetRef = table, boardLayoutW = any, boardLayoutH = any, ... }` for `boardLayoutH`. [inject-field]
HINT  | BoardWidget.lua:4440:15 | Fields cannot be injected into the reference of `{ boardWidgetRef = table, boardLayoutW = any, boardLayoutH = any, ... }` for `boardLayoutW`. [inject-field]
HINT  | BoardWidget.lua:4441:15 | Fields cannot be injected into the reference of `{ boardWidgetRef = table, boardLayoutW = any, boardLayoutH = any, ... }` for `boardLayoutH`. [inject-field]
HINT  | BoardWidget_Overlays.lua:22:11 | t is never used, if this is intentional, prefix it with an underscore: _t [unused]
HINT  | BoardWidget_Overlays.lua:27:11 | shakeY is never used, if this is intentional, prefix it with an underscore: _shakeY [unused]
HINT  | BoardWidget_Overlays.lua:28:11 | theme is never used, if this is intentional, prefix it with an underscore: _theme [unused]
HINT  | BoardWidget_Overlays.lua:11:7 | Battle is never used, if this is intentional, prefix it with an underscore: _Battle [unused]
HINT  | BoardWidget_Overlays.lua:26:11 | shakeX is never used, if this is intentional, prefix it with an underscore: _shakeX [unused]
HINT  | BoardWidget_VFX.lua:61:11 | t is never used, if this is intentional, prefix it with an underscore: _t [unused]
HINT  | BoardWidget_VFX.lua:1358:23 | gt is never used, if this is intentional, prefix it with an underscore: _gt [unused]
HINT  | BoardWidget_VFX.lua:11:7 | Battle is never used, if this is intentional, prefix it with an underscore: _Battle [unused]
HINT  | BoardWidget_VFX.lua:575:25 | ci is never used, if this is intentional, prefix it with an underscore: _ci [unused]
HINT  | BoardWidget_VFX.lua:47:16 | IsCellOnScreen is never used, if this is intentional, prefix it with an underscore: _IsCellOnScreen [unused]
HINT  | BoardWidget_VFX.lua:724:23 | textP is never used, if this is intentional, prefix it with an underscore: _textP [unused]
HINT  | BoardWidget_VFX.lua:684:19 | hitCount is never used, if this is intentional, prefix it with an underscore: _hitCount [unused]
HINT  | Equipment.lua:360:9 | i is never used, if this is intentional, prefix it with an underscore: _i [unused]
HINT  | Equipment.lua:266:34 | equipment is never used, if this is intentional, prefix it with an underscore: _equipment [unused]
HINT  | GameUI.lua:2415:36 | self is never used, if this is intentional, prefix it with an underscore: _self [unused]
HINT  | GameUI.lua:875:52 | self is never used, if this is intentional, prefix it with an underscore: _self [unused]
HINT  | GameUI.lua:1486:36 | self is never used, if this is intentional, prefix it with an underscore: _self [unused]
HINT  | GameUI.lua:599:52 | self is never used, if this is intentional, prefix it with an underscore: _self [unused]
HINT  | GameUI.lua:2312:36 | self is never used, if this is intentional, prefix it with an underscore: _self [unused]
HINT  | GameUI.lua:1619:28 | self is never used, if this is intentional, prefix it with an underscore: _self [unused]
HINT  | GameUI.lua:391:45 | widget is never used, if this is intentional, prefix it with an underscore: _widget [unused]
HINT  | GameUI.lua:1546:28 | self is never used, if this is intentional, prefix it with an underscore: _self [unused]
HINT  | GameUI.lua:1319:28 | self is never used, if this is intentional, prefix it with an underscore: _self [unused]
HINT  | GameUI.lua:2540:36 | self is never used, if this is intentional, prefix it with an underscore: _self [unused]
HINT  | GameUI.lua:296:44 | self is never used, if this is intentional, prefix it with an underscore: _self [unused]
HINT  | GameUI.lua:2612:44 | self is never used, if this is intentional, prefix it with an underscore: _self [unused]
HINT  | GameUI.lua:852:52 | self is never used, if this is intentional, prefix it with an underscore: _self [unused]
HINT  | GameUI.lua:1754:28 | self is never used, if this is intentional, prefix it with an underscore: _self [unused]
HINT  | GameUI.lua:897:36 | self is never used, if this is intentional, prefix it with an underscore: _self [unused]
HINT  | GameUI.lua:923:36 | self is never used, if this is intentional, prefix it with an underscore: _self [unused]
HINT  | GameUI.lua:2097:36 | self is never used, if this is intentional, prefix it with an underscore: _self [unused]
HINT  | GameUI.lua:276:44 | self is never used, if this is intentional, prefix it with an underscore: _self [unused]
HINT  | GameUI.lua:623:44 | self is never used, if this is intentional, prefix it with an underscore: _self [unused]
HINT  | GameUI.lua:1380:9 | i is never used, if this is intentional, prefix it with an underscore: _i [unused]
HINT  | GameUI.lua:1993:41 | idx is never used, if this is intentional, prefix it with an underscore: _idx [unused]
HINT  | GameUI.lua:2216:28 | self is never used, if this is intentional, prefix it with an underscore: _self [unused]
HINT  | GameUI.lua:1567:9 | i is never used, if this is intentional, prefix it with an underscore: _i [unused]
HINT  | GameUI.lua:391:38 | event is never used, if this is intentional, prefix it with an underscore: _event [unused]
HINT  | GameUI.lua:1704:28 | self is never used, if this is intentional, prefix it with an underscore: _self [unused]
HINT  | GameUI.lua:2516:28 | self is never used, if this is intentional, prefix it with an underscore: _self [unused]
HINT  | GameUI.lua:2161:53 | self is never used, if this is intentional, prefix it with an underscore: _self [unused]
HINT  | GameUI.lua:2241:36 | self is never used, if this is intentional, prefix it with an underscore: _self [unused]
HINT  | GameUI.lua:829:52 | self is never used, if this is intentional, prefix it with an underscore: _self [unused]
HINT  | GameUI.lua:2295:28 | self is never used, if this is intentional, prefix it with an underscore: _self [unused]
HINT  | GameUI.lua:2130:44 | self is never used, if this is intentional, prefix it with an underscore: _self [unused]
HINT  | GameUI.lua:950:7 | Fields cannot be injected into the reference of `{ boardWidgetRef = table, boardLayoutW = any, boardLayoutH = any, ... }` for `skillsRow`. [inject-field]
HINT  | GameUI.lua:952:7 | Fields cannot be injected into the reference of `{ boardWidgetRef = table, boardLayoutW = any, boardLayoutH = any, ... }` for `killLabel`. [inject-field]
HINT  | GameUI.lua:953:7 | Fields cannot be injected into the reference of `{ boardWidgetRef = table, boardLayoutW = any, boardLayoutH = any, ... }` for `killBar`. [inject-field]
HINT  | GameUI.lua:954:7 | Fields cannot be injected into the reference of `{ boardWidgetRef = table, boardLayoutW = any, boardLayoutH = any, ... }` for `rescueLabel`. [inject-field]
HINT  | GameUI.lua:955:7 | Fields cannot be injected into the reference of `{ boardWidgetRef = table, boardLayoutW = any, boardLayoutH = any, ... }` for `rescueBar`. [inject-field]
HINT  | GameUI.lua:956:7 | Fields cannot be injected into the reference of `{ boardWidgetRef = table, boardLayoutW = any, boardLayoutH = any, ... }` for `altarBar`. [inject-field]
HINT  | GameUI.lua:957:7 | Fields cannot be injected into the reference of `{ boardWidgetRef = table, boardLayoutW = any, boardLayoutH = any, ... }` for `altarLabel`. [inject-field]
HINT  | GameUI.lua:1330:11 | Fields cannot be injected into the reference of `{ boardWidgetRef = table, boardLayoutW = any, boardLayoutH = any, ... }` for `chapterTutorialPopup`. [inject-field]
HINT  | GameUI.lua:1333:7 | Fields cannot be injected into the reference of `{ boardWidgetRef = table, boardLayoutW = any, boardLayoutH = any, ... }` for `chapterTutorialPopup`. [inject-field]
HINT  | GameUI.lua:1436:11 | Fields cannot be injected into the reference of `{ boardWidgetRef = table, boardLayoutW = any, boardLayoutH = any, ... }` for `comboTutorialPopup`. [inject-field]
HINT  | GameUI.lua:1497:7 | Fields cannot be injected into the reference of `{ boardWidgetRef = table, boardLayoutW = any, boardLayoutH = any, ... }` for `comboTutorialPopup`. [inject-field]
HINT  | GameUI.lua:1535:11 | Fields cannot be injected into the reference of `{ boardWidgetRef = table, boardLayoutW = any, boardLayoutH = any, ... }` for `comboSpotlightPopup`. [inject-field]
HINT  | GameUI.lua:1539:7 | Fields cannot be injected into the reference of `{ boardWidgetRef = table, boardLayoutW = any, boardLayoutH = any, ... }` for `comboSpotlightActive`. [inject-field]
HINT  | GameUI.lua:1542:7 | Fields cannot be injected into the reference of `{ boardWidgetRef = table, boardLayoutW = any, boardLayoutH = any, ... }` for `comboSpotlightPopup`. [inject-field]
HINT  | GameUI.lua:1548:15 | Fields cannot be injected into the reference of `{ boardWidgetRef = table, boardLayoutW = any, boardLayoutH = any, ... }` for `comboSpotlightActive`. [inject-field]
HINT  | GameUI.lua:1630:11 | Fields cannot be injected into the reference of `{ boardWidgetRef = table, boardLayoutW = any, boardLayoutH = any, ... }` for `enemyIntroPopup`. [inject-field]
HINT  | GameUI.lua:1659:7 | Fields cannot be injected into the reference of `{ boardWidgetRef = table, boardLayoutW = any, boardLayoutH = any, ... }` for `enemyIntroPopup`. [inject-field]
HINT  | GameUI.lua:1695:11 | Fields cannot be injected into the reference of `{ boardWidgetRef = table, boardLayoutW = any, boardLayoutH = any, ... }` for `chainJumpTutorialPopup`. [inject-field]
HINT  | GameUI.lua:1700:7 | Fields cannot be injected into the reference of `{ boardWidgetRef = table, boardLayoutW = any, boardLayoutH = any, ... }` for `chainJumpTutorialPopup`. [inject-field]
HINT  | GameUI.lua:1745:11 | Fields cannot be injected into the reference of `{ boardWidgetRef = table, boardLayoutW = any, boardLayoutH = any, ... }` for `multiHopTutorialPopup`. [inject-field]
HINT  | GameUI.lua:1750:7 | Fields cannot be injected into the reference of `{ boardWidgetRef = table, boardLayoutW = any, boardLayoutH = any, ... }` for `multiHopTutorialPopup`. [inject-field]
HINT  | GameUI.lua:2206:11 | Fields cannot be injected into the reference of `{ boardWidgetRef = table, boardLayoutW = any, boardLayoutH = any, ... }` for `tutorialGuidePopup`. [inject-field]
HINT  | GameUI.lua:2209:7 | Fields cannot be injected into the reference of `{ boardWidgetRef = table, boardLayoutW = any, boardLayoutH = any, ... }` for `tutorialGuidePopup`. [inject-field]
HINT  | GameUI.lua:2279:11 | Fields cannot be injected into the reference of `{ boardWidgetRef = table, boardLayoutW = any, boardLayoutH = any, ... }` for `skillTooltip`. [inject-field]
HINT  | GameUI.lua:2289:7 | Fields cannot be injected into the reference of `{ boardWidgetRef = table, boardLayoutW = any, boardLayoutH = any, ... }` for `skillTooltip`. [inject-field]
HINT  | GameUI.lua:2298:19 | Fields cannot be injected into the reference of `{ boardWidgetRef = table, boardLayoutW = any, boardLayoutH = any, ... }` for `skillTooltip`. [inject-field]
HINT  | GameUI.lua:2356:11 | Fields cannot be injected into the reference of `{ boardWidgetRef = table, boardLayoutW = any, boardLayoutH = any, ... }` for `skillsPopup`. [inject-field]
HINT  | GameUI.lua:2509:7 | Fields cannot be injected into the reference of `{ boardWidgetRef = table, boardLayoutW = any, boardLayoutH = any, ... }` for `skillsPopup`. [inject-field]
HINT  | GameUI.lua:2517:63 | Fields cannot be injected into the reference of `{ boardWidgetRef = table, boardLayoutW = any, boardLayoutH = any, ... }` for `skillTooltip`. [inject-field]
HINT  | GameUI.lua:2613:79 | Fields cannot be injected into the reference of `{ boardWidgetRef = table, boardLayoutW = any, boardLayoutH = any, ... }` for `skillTooltip`. [inject-field]
HINT  | GuildPage.lua:177:11 | myUserId is never used, if this is intentional, prefix it with an underscore: _myUserId [unused]
HINT  | GuildPage.lua:212:36 | self is never used, if this is intentional, prefix it with an underscore: _self [unused]
HINT  | HexGrid.lua:198:34 | y is never used, if this is intentional, prefix it with an underscore: _y [unused]
HINT  | HexGrid.lua:1237:9 | key is never used, if this is intentional, prefix it with an underscore: _key [unused]
HINT  | MenuHeroWidget.lua:98:11 | gc is never used, if this is intentional, prefix it with an underscore: _gc [unused]
HINT  | MenuHeroWidget.lua:109:11 | imgX is never used, if this is intentional, prefix it with an underscore: _imgX [unused]
HINT  | MenuHeroWidget.lua:17:16 | HSVtoRGB is never used, if this is intentional, prefix it with an underscore: _HSVtoRGB [unused]
HINT  | MenuHeroWidget.lua:94:100 | progress is never used, if this is intentional, prefix it with an underscore: _progress [unused]
HINT  | MenuHeroWidget.lua:96:11 | chapterName is never used, if this is intentional, prefix it with an underscore: _chapterName [unused]
HINT  | MenuHeroWidget.lua:94:77 | isUnlocked is never used, if this is intentional, prefix it with an underscore: _isUnlocked [unused]
HINT  | MenuHeroWidget.lua:94:89 | isCleared is never used, if this is intentional, prefix it with an underscore: _isCleared [unused]
HINT  | MenuHeroWidget.lua:94:110 | total is never used, if this is intentional, prefix it with an underscore: _total [unused]
HINT  | MenuHeroWidget.lua:111:11 | imgY is never used, if this is intentional, prefix it with an underscore: _imgY [unused]
HINT  | MenuPages.lua:654:36 | slot is never used, if this is intentional, prefix it with an underscore: _slot [unused]
HINT  | MenuPages.lua:1671:9 | i is never used, if this is intentional, prefix it with an underscore: _i [unused]
HINT  | MenuPages.lua:1536:82 | self is never used, if this is intentional, prefix it with an underscore: _self [unused]
HINT  | MenuPages.lua:609:39 | event is never used, if this is intentional, prefix it with an underscore: _event [unused]
HINT  | MenuPages.lua:601:41 | event is never used, if this is intentional, prefix it with an underscore: _event [unused]
HINT  | MenuPages.lua:124:56 | widget is never used, if this is intentional, prefix it with an underscore: _widget [unused]
HINT  | MenuPages.lua:990:36 | self is never used, if this is intentional, prefix it with an underscore: _self [unused]
HINT  | MenuPages.lua:446:11 | bgCol is never used, if this is intentional, prefix it with an underscore: _bgCol [unused]
HINT  | MenuPages.lua:2039:50 | self is never used, if this is intentional, prefix it with an underscore: _self [unused]
HINT  | MenuPages.lua:1942:32 | self is never used, if this is intentional, prefix it with an underscore: _self [unused]
HINT  | MenuPages.lua:1150:48 | self is never used, if this is intentional, prefix it with an underscore: _self [unused]
HINT  | MenuPages.lua:186:53 | event is never used, if this is intentional, prefix it with an underscore: _event [unused]
HINT  | MenuPages.lua:202:62 | widget is never used, if this is intentional, prefix it with an underscore: _widget [unused]
HINT  | MenuPages.lua:186:60 | widget is never used, if this is intentional, prefix it with an underscore: _widget [unused]
HINT  | MenuPages.lua:2154:36 | self is never used, if this is intentional, prefix it with an underscore: _self [unused]
HINT  | MenuPages.lua:172:58 | widget is never used, if this is intentional, prefix it with an underscore: _widget [unused]
HINT  | MenuPages.lua:536:45 | widget is never used, if this is intentional, prefix it with an underscore: _widget [unused]
HINT  | MenuPages.lua:880:11 | titleBarColor is never used, if this is intentional, prefix it with an underscore: _titleBarColor [unused]
HINT  | MenuPages.lua:134:56 | widget is never used, if this is intentional, prefix it with an underscore: _widget [unused]
HINT  | MenuPages.lua:202:55 | event is never used, if this is intentional, prefix it with an underscore: _event [unused]
HINT  | MenuPages.lua:74:15 | bgCol is never used, if this is intentional, prefix it with an underscore: _bgCol [unused]
HINT  | MenuPages.lua:922:36 | self is never used, if this is intentional, prefix it with an underscore: _self [unused]
HINT  | MenuPages.lua:2094:50 | self is never used, if this is intentional, prefix it with an underscore: _self [unused]
HINT  | MenuPages.lua:526:45 | widget is never used, if this is intentional, prefix it with an underscore: _widget [unused]
HINT  | MenuPages.lua:567:47 | widget is never used, if this is intentional, prefix it with an underscore: _widget [unused]
HINT  | MenuPages.lua:1306:62 | self is never used, if this is intentional, prefix it with an underscore: _self [unused]
HINT  | MenuPages.lua:1276:40 | self is never used, if this is intentional, prefix it with an underscore: _self [unused]
HINT  | MenuPages.lua:957:36 | self is never used, if this is intentional, prefix it with an underscore: _self [unused]
HINT  | MenuPages.lua:208:47 | self is never used, if this is intentional, prefix it with an underscore: _self [unused]
HINT  | MenuSystem.lua:929:28 | self is never used, if this is intentional, prefix it with an underscore: _self [unused]
HINT  | MenuSystem.lua:184:45 | x is never used, if this is intentional, prefix it with an underscore: _x [unused]
HINT  | MenuSystem.lua:144:32 | err is never used, if this is intentional, prefix it with an underscore: _err [unused]
HINT  | MenuSystem.lua:2109:40 | self is never used, if this is intentional, prefix it with an underscore: _self [unused]
HINT  | MenuSystem.lua:2193:45 | event is never used, if this is intentional, prefix it with an underscore: _event [unused]
HINT  | MenuSystem.lua:2138:40 | self is never used, if this is intentional, prefix it with an underscore: _self [unused]
HINT  | MenuSystem.lua:1941:31 | fillW is never used, if this is intentional, prefix it with an underscore: _fillW [unused]
HINT  | MenuSystem.lua:490:44 | self is never used, if this is intentional, prefix it with an underscore: _self [unused]
HINT  | MenuSystem.lua:1242:28 | self is never used, if this is intentional, prefix it with an underscore: _self [unused]
HINT  | MenuSystem.lua:1868:32 | self is never used, if this is intentional, prefix it with an underscore: _self [unused]
HINT  | MenuSystem.lua:2193:52 | widget is never used, if this is intentional, prefix it with an underscore: _widget [unused]
HINT  | MenuSystem.lua:1233:11 | pityLeft is never used, if this is intentional, prefix it with an underscore: _pityLeft [unused]
HINT  | MenuSystem.lua:139:53 | newIndex is never used, if this is intentional, prefix it with an underscore: _newIndex [unused]
HINT  | MenuSystem.lua:2187:44 | event is never used, if this is intentional, prefix it with an underscore: _event [unused]
HINT  | MenuSystem.lua:1787:19 | revealDelay is never used, if this is intentional, prefix it with an underscore: _revealDelay [unused]
HINT  | MenuSystem.lua:914:11 | itemDef is never used, if this is intentional, prefix it with an underscore: _itemDef [unused]
HINT  | MenuSystem.lua:1514:52 | self is never used, if this is intentional, prefix it with an underscore: _self [unused]
HINT  | MenuSystem.lua:1625:28 | self is never used, if this is intentional, prefix it with an underscore: _self [unused]
HINT  | MenuSystem.lua:408:19 | chapterLast is never used, if this is intentional, prefix it with an underscore: _chapterLast [unused]
HINT  | MenuSystem.lua:2080:44 | self is never used, if this is intentional, prefix it with an underscore: _self [unused]
HINT  | MenuSystem.lua:1266:36 | self is never used, if this is intentional, prefix it with an underscore: _self [unused]
HINT  | MenuSystem.lua:1895:11 | runs is never used, if this is intentional, prefix it with an underscore: _runs [unused]
HINT  | MenuSystem.lua:1906:32 | event is never used, if this is intentional, prefix it with an underscore: _event [unused]
HINT  | MenuSystem.lua:987:36 | self is never used, if this is intentional, prefix it with an underscore: _self [unused]
HINT  | MenuSystem.lua:1942:31 | badgeSize is never used, if this is intentional, prefix it with an underscore: _badgeSize [unused]
HINT  | MenuSystem.lua:126:27 | err is never used, if this is intentional, prefix it with an underscore: _err [unused]
HINT  | MenuSystem.lua:979:28 | self is never used, if this is intentional, prefix it with an underscore: _self [unused]
HINT  | MenuSystem.lua:1906:39 | widget is never used, if this is intentional, prefix it with an underscore: _widget [unused]
HINT  | MenuSystem.lua:184:48 | y is never used, if this is intentional, prefix it with an underscore: _y [unused]
HINT  | MenuSystem.lua:2030:56 | self is never used, if this is intentional, prefix it with an underscore: _self [unused]
HINT  | MenuSystem.lua:2187:51 | widget is never used, if this is intentional, prefix it with an underscore: _widget [unused]
HINT  | MenuSystem.lua:431:44 | self is never used, if this is intentional, prefix it with an underscore: _self [unused]
HINT  | MenuSystem.lua:94:11 | Fields cannot be injected into the reference of `{ boardWidgetRef = table, boardLayoutW = any, boardLayoutH = any, ... }` for `_decomposeMode`. [inject-field]
HINT  | MenuSystem.lua:95:11 | Fields cannot be injected into the reference of `{ boardWidgetRef = table, boardLayoutW = any, boardLayoutH = any, ... }` for `_decomposeSelected`. [inject-field]
HINT  | MenuSystem.lua:161:11 | Fields cannot be injected into the reference of `{ boardWidgetRef = table, boardLayoutW = any, boardLayoutH = any, ... }` for `_decomposeMode`. [inject-field]
HINT  | MenuSystem.lua:162:11 | Fields cannot be injected into the reference of `{ boardWidgetRef = table, boardLayoutW = any, boardLayoutH = any, ... }` for `_decomposeSelected`. [inject-field]
HINT  | MenuSystem.lua:193:19 | Fields cannot be injected into the reference of `{ boardWidgetRef = table, boardLayoutW = any, boardLayoutH = any, ... }` for `_decomposeMode`. [inject-field]
HINT  | MenuSystem.lua:194:19 | Fields cannot be injected into the reference of `{ boardWidgetRef = table, boardLayoutW = any, boardLayoutH = any, ... }` for `_decomposeSelected`. [inject-field]
HINT  | MenuSystem.lua:207:23 | Fields cannot be injected into the reference of `{ boardWidgetRef = table, boardLayoutW = any, boardLayoutH = any, ... }` for `_decomposeScrollY`. [inject-field]
HINT  | MenuSystem.lua:227:19 | Fields cannot be injected into the reference of `{ boardWidgetRef = table, boardLayoutW = any, boardLayoutH = any, ... }` for `_decomposeMode`. [inject-field]
HINT  | MenuSystem.lua:228:19 | Fields cannot be injected into the reference of `{ boardWidgetRef = table, boardLayoutW = any, boardLayoutH = any, ... }` for `_decomposeSelected`. [inject-field]
HINT  | MenuSystem.lua:268:23 | Fields cannot be injected into the reference of `{ boardWidgetRef = table, boardLayoutW = any, boardLayoutH = any, ... }` for `_decomposeScrollY`. [inject-field]
HINT  | MenuSystem.lua:314:23 | Fields cannot be injected into the reference of `{ boardWidgetRef = table, boardLayoutW = any, boardLayoutH = any, ... }` for `_decomposeScrollY`. [inject-field]
HINT  | MenuSystem.lua:1115:7 | Fields cannot be injected into the reference of `{ boardWidgetRef = table, boardLayoutW = any, boardLayoutH = any, ... }` for `dragEquipSlot`. [inject-field]
HINT  | MenuSystem.lua:1173:11 | Fields cannot be injected into the reference of `{ boardWidgetRef = table, boardLayoutW = any, boardLayoutH = any, ... }` for `dragEquipSlot`. [inject-field]
HINT  | MenuSystem.lua:1178:7 | Fields cannot be injected into the reference of `{ boardWidgetRef = table, boardLayoutW = any, boardLayoutH = any, ... }` for `dragEquipSlot`. [inject-field]
HINT  | MenuSystem.lua:1186:11 | Fields cannot be injected into the reference of `{ boardWidgetRef = table, boardLayoutW = any, boardLayoutH = any, ... }` for `gachaRulesPopup`. [inject-field]
HINT  | MenuSystem.lua:1246:19 | Fields cannot be injected into the reference of `{ boardWidgetRef = table, boardLayoutW = any, boardLayoutH = any, ... }` for `gachaRulesPopup`. [inject-field]
HINT  | MenuSystem.lua:1518:43 | Fields cannot be injected into the reference of `{ boardWidgetRef = table, boardLayoutW = any, boardLayoutH = any, ... }` for `gachaRulesPopup`. [inject-field]
HINT  | MenuSystem.lua:1536:7 | Fields cannot be injected into the reference of `{ boardWidgetRef = table, boardLayoutW = any, boardLayoutH = any, ... }` for `gachaRulesPopup`. [inject-field]
HINT  | MenuSystem.lua:1547:7 | Fields cannot be injected into the reference of `{ boardWidgetRef = table, boardLayoutW = any, boardLayoutH = any, ... }` for `_gachaAnim`. [inject-field]
HINT  | MenuSystem.lua:1632:15 | Fields cannot be injected into the reference of `{ boardWidgetRef = table, boardLayoutW = any, boardLayoutH = any, ... }` for `_gachaAnim`. [inject-field]
HINT  | MenuSystem.lua:1722:7 | Fields cannot be injected into the reference of `{ boardWidgetRef = table, boardLayoutW = any, boardLayoutH = any, ... }` for `_gachaAnim`. [inject-field]
HINT  | MenuSystem.lua:1922:19 | Fields cannot be injected into the reference of `{ boardWidgetRef = table, boardLayoutW = any, boardLayoutH = any, ... }` for `dragEquipSlot`. [inject-field]
HINT  | MenuSystem.lua:2088:19 | Fields cannot be injected into the reference of `{ boardWidgetRef = table, boardLayoutW = any, boardLayoutH = any, ... }` for `menuArrowLeft`. [inject-field]
HINT  | MenuSystem.lua:2117:19 | Fields cannot be injected into the reference of `{ boardWidgetRef = table, boardLayoutW = any, boardLayoutH = any, ... }` for `menuArrowRight`. [inject-field]
HINT  | MenuSystem.lua:2146:19 | Fields cannot be injected into the reference of `{ boardWidgetRef = table, boardLayoutW = any, boardLayoutH = any, ... }` for `menuEndlessHint`. [inject-field]
HINT  | MenuSystem.lua:1890:13 | Fields cannot be injected into the reference of `Button` for `_tabId`. [inject-field]
HINT  | RedeemPopup.lua:132:28 | self is never used, if this is intentional, prefix it with an underscore: _self [unused]
HINT  | RedeemPopup.lua:206:49 | self is never used, if this is intentional, prefix it with an underscore: _self [unused]
HINT  | RedeemPopup.lua:261:56 | self is never used, if this is intentional, prefix it with an underscore: _self [unused]
HINT  | RedeemPopup.lua:206:55 | value is never used, if this is intentional, prefix it with an underscore: _value [unused]
HINT  | RedeemPopup.lua:242:52 | self is never used, if this is intentional, prefix it with an underscore: _self [unused]
HINT  | RedeemPopup.lua:153:36 | self is never used, if this is intentional, prefix it with an underscore: _self [unused]
HINT  | SetEffects.lua:79:51 | currentCombo is never used, if this is intentional, prefix it with an underscore: _currentCombo [unused]
HINT  | SettingsPopup.lua:364:44 | self is never used, if this is intentional, prefix it with an underscore: _self [unused]
HINT  | SettingsPopup.lua:8:7 | G is never used, if this is intentional, prefix it with an underscore: _G [unused]
HINT  | SettingsPopup.lua:140:53 | self is never used, if this is intentional, prefix it with an underscore: _self [unused]
HINT  | SettingsPopup.lua:72:28 | self is never used, if this is intentional, prefix it with an underscore: _self [unused]
HINT  | SettingsPopup.lua:229:64 | self is never used, if this is intentional, prefix it with an underscore: _self [unused]
HINT  | SettingsPopup.lua:181:53 | self is never used, if this is intentional, prefix it with an underscore: _self [unused]
HINT  | SettingsPopup.lua:315:64 | self is never used, if this is intentional, prefix it with an underscore: _self [unused]
HINT  | SettingsPopup.lua:93:36 | self is never used, if this is intentional, prefix it with an underscore: _self [unused]
HINT  | Skills.lua:218:25 | lv is never used, if this is intentional, prefix it with an underscore: _lv [unused]
HINT  | Skills.lua:259:19 | freezeDur is never used, if this is intentional, prefix it with an underscore: _freezeDur [unused]
HINT  | TestPanel.lua:562:60 | self is never used, if this is intentional, prefix it with an underscore: _self [unused]
HINT  | TestPanel.lua:490:60 | self is never used, if this is intentional, prefix it with an underscore: _self [unused]
HINT  | TestPanel.lua:898:60 | self is never used, if this is intentional, prefix it with an underscore: _self [unused]
HINT  | TestPanel.lua:954:60 | self is never used, if this is intentional, prefix it with an underscore: _self [unused]
HINT  | TestPanel.lua:383:60 | self is never used, if this is intentional, prefix it with an underscore: _self [unused]
HINT  | TestPanel.lua:138:32 | self is never used, if this is intentional, prefix it with an underscore: _self [unused]
HINT  | TestPanel.lua:613:60 | self is never used, if this is intentional, prefix it with an underscore: _self [unused]
HINT  | TestPanel.lua:274:48 | self is never used, if this is intentional, prefix it with an underscore: _self [unused]
HINT  | TestPanel.lua:1037:60 | self is never used, if this is intentional, prefix it with an underscore: _self [unused]
HINT  | TestPanel.lua:701:60 | self is never used, if this is intentional, prefix it with an underscore: _self [unused]
HINT  | TestPanel.lua:197:36 | self is never used, if this is intentional, prefix it with an underscore: _self [unused]
HINT  | TestPanel.lua:1099:60 | self is never used, if this is intentional, prefix it with an underscore: _self [unused]
HINT  | TestPanel.lua:1208:52 | self is never used, if this is intentional, prefix it with an underscore: _self [unused]
HINT  | TestPanel.lua:453:60 | self is never used, if this is intentional, prefix it with an underscore: _self [unused]
HINT  | TestPanel.lua:1259:44 | self is never used, if this is intentional, prefix it with an underscore: _self [unused]
HINT  | TestPanel.lua:665:60 | self is never used, if this is intentional, prefix it with an underscore: _self [unused]
HINT  | TestPanel.lua:415:60 | self is never used, if this is intentional, prefix it with an underscore: _self [unused]
HINT  | TestPanel.lua:11:7 | Skills is never used, if this is intentional, prefix it with an underscore: _Skills [unused]
HINT  | TestPanel.lua:182:28 | self is never used, if this is intentional, prefix it with an underscore: _self [unused]
HINT  | TestPanel.lua:926:60 | self is never used, if this is intentional, prefix it with an underscore: _self [unused]
HINT  | TestPanel.lua:982:60 | self is never used, if this is intentional, prefix it with an underscore: _self [unused]
HINT  | TestPanel.lua:531:60 | self is never used, if this is intentional, prefix it with an underscore: _self [unused]
HINT  | TestPanel.lua:1183:52 | self is never used, if this is intentional, prefix it with an underscore: _self [unused]
HINT  | TestPanel.lua:333:53 | self is never used, if this is intentional, prefix it with an underscore: _self [unused]
HINT  | TestPanel.lua:1068:60 | self is never used, if this is intentional, prefix it with an underscore: _self [unused]
HINT  | TestPanel.lua:1237:44 | self is never used, if this is intentional, prefix it with an underscore: _self [unused]
HINT  | TestPanel.lua:275:35 | Fields cannot be injected into the reference of `{ boardWidgetRef = table, boardLayoutW = any, boardLayoutH = any, ... }` for `godMode`. [inject-field]
HINT  | TestSetEffects.lua:297:11 | heal is never used, if this is intentional, prefix it with an underscore: _heal [unused]
HINT  | TestSetEffects.lua:326:9 | i is never used, if this is intentional, prefix it with an underscore: _i [unused]
HINT  | TestSetEffects.lua:275:9 | i is never used, if this is intentional, prefix it with an underscore: _i [unused]
HINT  | TestSetEffects.lua:332:9 | i is never used, if this is intentional, prefix it with an underscore: _i [unused]
HINT  | TestSetEffects.lua:267:17 | text is never used, if this is intentional, prefix it with an underscore: _text [unused]
HINT  | TestSetEffects.lua:177:11 | r3 is never used, if this is intentional, prefix it with an underscore: _r3 [unused]
HINT  | TestSetEffects.lua:267:11 | heal is never used, if this is intentional, prefix it with an underscore: _heal [unused]
HINT  | TestSetEffects.lua:258:17 | text is never used, if this is intentional, prefix it with an underscore: _text [unused]
HINT  | TestSetEffects.lua:250:17 | text is never used, if this is intentional, prefix it with an underscore: _text [unused]
HINT  | TestSetEffects.lua:284:17 | text is never used, if this is intentional, prefix it with an underscore: _text [unused]
HINT  | TestSetEffects.lua:174:11 | r1 is never used, if this is intentional, prefix it with an underscore: _r1 [unused]
HINT  | TestSetEffects.lua:305:17 | text is never used, if this is intentional, prefix it with an underscore: _text [unused]
HINT  | TestSetEffects.lua:219:9 | i is never used, if this is intentional, prefix it with an underscore: _i [unused]
HINT  | TestSetEffects.lua:317:9 | i is never used, if this is intentional, prefix it with an underscore: _i [unused]
HINT  | TestSetEffects.lua:229:9 | i is never used, if this is intentional, prefix it with an underscore: _i [unused]
HINT  | TestSetEffects.lua:297:17 | text is never used, if this is intentional, prefix it with an underscore: _text [unused]
HINT  | TurnFlow.lua:1482:48 | self is never used, if this is intentional, prefix it with an underscore: _self [unused]
HINT  | TurnFlow.lua:243:44 | self is never used, if this is intentional, prefix it with an underscore: _self [unused]
HINT  | TurnFlow.lua:1693:28 | self is never used, if this is intentional, prefix it with an underscore: _self [unused]
HINT  | TurnFlow.lua:1673:32 | self is never used, if this is intentional, prefix it with an underscore: _self [unused]
HINT  | TurnFlow.lua:263:44 | self is never used, if this is intentional, prefix it with an underscore: _self [unused]
HINT  | TurnFlow.lua:1467:48 | self is never used, if this is intentional, prefix it with an underscore: _self [unused]
HINT  | TurnFlow.lua:120:7 | Fields cannot be injected into the reference of `{ boardWidgetRef = table, boardLayoutW = any, boardLayoutH = any, ... }` for `_defeatPopupShown`. [inject-field]
HINT  | TurnFlow.lua:121:7 | Fields cannot be injected into the reference of `{ boardWidgetRef = table, boardLayoutW = any, boardLayoutH = any, ... }` for `_defeatPopupRef`. [inject-field]
HINT  | TurnFlow.lua:153:7 | Fields cannot be injected into the reference of `{ boardWidgetRef = table, boardLayoutW = any, boardLayoutH = any, ... }` for `_defeatPopupShown`. [inject-field]
HINT  | TurnFlow.lua:154:7 | Fields cannot be injected into the reference of `{ boardWidgetRef = table, boardLayoutW = any, boardLayoutH = any, ... }` for `_defeatPopupRef`. [inject-field]
HINT  | TurnFlow.lua:296:7 | Fields cannot be injected into the reference of `{ boardWidgetRef = table, boardLayoutW = any, boardLayoutH = any, ... }` for `_winShownAt`. [inject-field]
HINT  | TurnFlow.lua:301:7 | Fields cannot be injected into the reference of `{ boardWidgetRef = table, boardLayoutW = any, boardLayoutH = any, ... }` for `_winShownAt`. [inject-field]
HINT  | TurnFlow.lua:335:7 | Fields cannot be injected into the reference of `{ boardWidgetRef = table, boardLayoutW = any, boardLayoutH = any, ... }` for `_winShownAt`. [inject-field]
HINT  | TurnFlow.lua:629:11 | Fields cannot be injected into the reference of `{ boardWidgetRef = table, boardLayoutW = any, boardLayoutH = any, ... }` for `hasSeenJumpTutorial`. [inject-field]
HINT  | TurnFlow.lua:631:15 | Fields cannot be injected into the reference of `{ boardWidgetRef = table, boardLayoutW = any, boardLayoutH = any, ... }` for `showJumpTutorial`. [inject-field]
HINT  | TurnFlow.lua:645:23 | Fields cannot be injected into the reference of `{ boardWidgetRef = table, boardLayoutW = any, boardLayoutH = any, ... }` for `pendingMultiHopJump`. [inject-field]
HINT  | TurnFlow.lua:646:23 | Fields cannot be injected into the reference of `{ boardWidgetRef = table, boardLayoutW = any, boardLayoutH = any, ... }` for `pendingMultiHopOriginCol`. [inject-field]
HINT  | TurnFlow.lua:647:23 | Fields cannot be injected into the reference of `{ boardWidgetRef = table, boardLayoutW = any, boardLayoutH = any, ... }` for `pendingMultiHopOriginRow`. [inject-field]
HINT  | TurnFlow.lua:649:23 | Fields cannot be injected into the reference of `{ boardWidgetRef = table, boardLayoutW = any, boardLayoutH = any, ... }` for `multiHopSpotlightJump`. [inject-field]
HINT  | TurnFlow.lua:650:23 | Fields cannot be injected into the reference of `{ boardWidgetRef = table, boardLayoutW = any, boardLayoutH = any, ... }` for `multiHopSpotlightOriginCol`. [inject-field]
HINT  | TurnFlow.lua:651:23 | Fields cannot be injected into the reference of `{ boardWidgetRef = table, boardLayoutW = any, boardLayoutH = any, ... }` for `multiHopSpotlightOriginRow`. [inject-field]
HINT  | TurnFlow.lua:652:23 | Fields cannot be injected into the reference of `{ boardWidgetRef = table, boardLayoutW = any, boardLayoutH = any, ... }` for `multiHopSpotlightActive`. [inject-field]
HINT  | TurnFlow.lua:656:27 | Fields cannot be injected into the reference of `{ boardWidgetRef = table, boardLayoutW = any, boardLayoutH = any, ... }` for `multiHopSpotlightActive`. [inject-field]
HINT  | TurnFlow.lua:657:27 | Fields cannot be injected into the reference of `{ boardWidgetRef = table, boardLayoutW = any, boardLayoutH = any, ... }` for `multiHopSpotlightJump`. [inject-field]
HINT  | TurnFlow.lua:685:19 | Fields cannot be injected into the reference of `{ boardWidgetRef = table, boardLayoutW = any, boardLayoutH = any, ... }` for `chainJumpSpotlightActive`. [inject-field]
HINT  | TurnFlow.lua:686:19 | Fields cannot be injected into the reference of `{ boardWidgetRef = table, boardLayoutW = any, boardLayoutH = any, ... }` for `chainJumpSpotlightJump1`. [inject-field]
HINT  | TurnFlow.lua:687:19 | Fields cannot be injected into the reference of `{ boardWidgetRef = table, boardLayoutW = any, boardLayoutH = any, ... }` for `chainJumpSpotlightJump2`. [inject-field]
HINT  | TurnFlow.lua:688:19 | Fields cannot be injected into the reference of `{ boardWidgetRef = table, boardLayoutW = any, boardLayoutH = any, ... }` for `chainJumpSpotlightOriginCol`. [inject-field]
HINT  | TurnFlow.lua:689:19 | Fields cannot be injected into the reference of `{ boardWidgetRef = table, boardLayoutW = any, boardLayoutH = any, ... }` for `chainJumpSpotlightOriginRow`. [inject-field]
HINT  | TurnFlow.lua:693:23 | Fields cannot be injected into the reference of `{ boardWidgetRef = table, boardLayoutW = any, boardLayoutH = any, ... }` for `chainJumpSpotlightActive`. [inject-field]
HINT  | TurnFlow.lua:694:23 | Fields cannot be injected into the reference of `{ boardWidgetRef = table, boardLayoutW = any, boardLayoutH = any, ... }` for `chainJumpSpotlightJump1`. [inject-field]
HINT  | TurnFlow.lua:695:23 | Fields cannot be injected into the reference of `{ boardWidgetRef = table, boardLayoutW = any, boardLayoutH = any, ... }` for `chainJumpSpotlightJump2`. [inject-field]
HINT  | TurnFlow.lua:743:19 | Fields cannot be injected into the reference of `{ boardWidgetRef = table, boardLayoutW = any, boardLayoutH = any, ... }` for `multiHopSpotlightJump`. [inject-field]
HINT  | TurnFlow.lua:744:19 | Fields cannot be injected into the reference of `{ boardWidgetRef = table, boardLayoutW = any, boardLayoutH = any, ... }` for `multiHopSpotlightOriginCol`. [inject-field]
HINT  | TurnFlow.lua:745:19 | Fields cannot be injected into the reference of `{ boardWidgetRef = table, boardLayoutW = any, boardLayoutH = any, ... }` for `multiHopSpotlightOriginRow`. [inject-field]
HINT  | TurnFlow.lua:746:19 | Fields cannot be injected into the reference of `{ boardWidgetRef = table, boardLayoutW = any, boardLayoutH = any, ... }` for `multiHopSpotlightActive`. [inject-field]
HINT  | TurnFlow.lua:750:23 | Fields cannot be injected into the reference of `{ boardWidgetRef = table, boardLayoutW = any, boardLayoutH = any, ... }` for `multiHopSpotlightActive`. [inject-field]
HINT  | TurnFlow.lua:751:23 | Fields cannot be injected into the reference of `{ boardWidgetRef = table, boardLayoutW = any, boardLayoutH = any, ... }` for `multiHopSpotlightJump`. [inject-field]
HINT  | TurnFlow.lua:793:11 | Fields cannot be injected into the reference of `{ boardWidgetRef = table, boardLayoutW = any, boardLayoutH = any, ... }` for `showBoardTutorial`. [inject-field]
HINT  | TurnFlow.lua:796:11 | Fields cannot be injected into the reference of `{ boardWidgetRef = table, boardLayoutW = any, boardLayoutH = any, ... }` for `showJumpTutorial`. [inject-field]
HINT  | TurnFlow.lua:802:11 | Fields cannot be injected into the reference of `{ boardWidgetRef = table, boardLayoutW = any, boardLayoutH = any, ... }` for `pendingMultiHopJump`. [inject-field]
HINT  | TurnFlow.lua:803:11 | Fields cannot be injected into the reference of `{ boardWidgetRef = table, boardLayoutW = any, boardLayoutH = any, ... }` for `multiHopSpotlightJump`. [inject-field]
HINT  | TurnFlow.lua:804:11 | Fields cannot be injected into the reference of `{ boardWidgetRef = table, boardLayoutW = any, boardLayoutH = any, ... }` for `multiHopSpotlightOriginCol`. [inject-field]
HINT  | TurnFlow.lua:805:11 | Fields cannot be injected into the reference of `{ boardWidgetRef = table, boardLayoutW = any, boardLayoutH = any, ... }` for `multiHopSpotlightOriginRow`. [inject-field]
HINT  | TurnFlow.lua:806:11 | Fields cannot be injected into the reference of `{ boardWidgetRef = table, boardLayoutW = any, boardLayoutH = any, ... }` for `pendingMultiHopOriginCol`. [inject-field]
HINT  | TurnFlow.lua:807:11 | Fields cannot be injected into the reference of `{ boardWidgetRef = table, boardLayoutW = any, boardLayoutH = any, ... }` for `pendingMultiHopOriginRow`. [inject-field]
HINT  | TurnFlow.lua:808:11 | Fields cannot be injected into the reference of `{ boardWidgetRef = table, boardLayoutW = any, boardLayoutH = any, ... }` for `multiHopSpotlightActive`. [inject-field]
HINT  | TurnFlow.lua:812:15 | Fields cannot be injected into the reference of `{ boardWidgetRef = table, boardLayoutW = any, boardLayoutH = any, ... }` for `multiHopSpotlightActive`. [inject-field]
HINT  | TurnFlow.lua:813:15 | Fields cannot be injected into the reference of `{ boardWidgetRef = table, boardLayoutW = any, boardLayoutH = any, ... }` for `multiHopSpotlightJump`. [inject-field]
HINT  | TurnFlow.lua:947:7 | Fields cannot be injected into the reference of `{ boardWidgetRef = table, boardLayoutW = any, boardLayoutH = any, ... }` for `jumpStartCol`. [inject-field]
HINT  | TurnFlow.lua:948:7 | Fields cannot be injected into the reference of `{ boardWidgetRef = table, boardLayoutW = any, boardLayoutH = any, ... }` for `jumpStartRow`. [inject-field]
HINT  | TurnFlow.lua:1135:15 | Fields cannot be injected into the reference of `{ boardWidgetRef = table, boardLayoutW = any, boardLayoutH = any, ... }` for `comboRewardTimer`. [inject-field]
HINT  | TurnFlow.lua:1136:15 | Fields cannot be injected into the reference of `{ boardWidgetRef = table, boardLayoutW = any, boardLayoutH = any, ... }` for `comboRewardElapsed`. [inject-field]
HINT  | TurnFlow.lua:1147:11 | Fields cannot be injected into the reference of `{ boardWidgetRef = table, boardLayoutW = any, boardLayoutH = any, ... }` for `comboRewardTimer`. [inject-field]
HINT  | TurnFlow.lua:1148:11 | Fields cannot be injected into the reference of `{ boardWidgetRef = table, boardLayoutW = any, boardLayoutH = any, ... }` for `comboRewardElapsed`. [inject-field]
HINT  | TurnFlow.lua:1269:15 | Fields cannot be injected into the reference of `{ boardWidgetRef = table, boardLayoutW = any, boardLayoutH = any, ... }` for `comboRewardTimer`. [inject-field]
HINT  | TurnFlow.lua:1270:15 | Fields cannot be injected into the reference of `{ boardWidgetRef = table, boardLayoutW = any, boardLayoutH = any, ... }` for `comboRewardElapsed`. [inject-field]
HINT  | TurnFlow.lua:1271:15 | Fields cannot be injected into the reference of `{ boardWidgetRef = table, boardLayoutW = any, boardLayoutH = any, ... }` for `comboSpotlightShowing`. [inject-field]
HINT  | TurnFlow.lua:1272:15 | Fields cannot be injected into the reference of `{ boardWidgetRef = table, boardLayoutW = any, boardLayoutH = any, ... }` for `_spotlightStuckTimer`. [inject-field]
HINT  | TurnFlow.lua:1277:19 | Fields cannot be injected into the reference of `{ boardWidgetRef = table, boardLayoutW = any, boardLayoutH = any, ... }` for `comboSpotlightShowing`. [inject-field]
HINT  | TurnFlow.lua:1278:19 | Fields cannot be injected into the reference of `{ boardWidgetRef = table, boardLayoutW = any, boardLayoutH = any, ... }` for `_spotlightStuckTimer`. [inject-field]
HINT  | TurnFlow.lua:1289:19 | Fields cannot be injected into the reference of `{ boardWidgetRef = table, boardLayoutW = any, boardLayoutH = any, ... }` for `comboSpotlightShowing`. [inject-field]
HINT  | TurnFlow.lua:1324:7 | Fields cannot be injected into the reference of `{ boardWidgetRef = table, boardLayoutW = any, boardLayoutH = any, ... }` for `bossCasting`. [inject-field]
HINT  | TurnFlow.lua:1404:7 | Fields cannot be injected into the reference of `{ boardWidgetRef = table, boardLayoutW = any, boardLayoutH = any, ... }` for `_defeatPopupShown`. [inject-field]
HINT  | TurnFlow.lua:1493:11 | Fields cannot be injected into the reference of `{ boardWidgetRef = table, boardLayoutW = any, boardLayoutH = any, ... }` for `_defeatPopupRef`. [inject-field]
HINT  | TurnFlow.lua:1497:11 | Fields cannot be injected into the reference of `{ boardWidgetRef = table, boardLayoutW = any, boardLayoutH = any, ... }` for `_defeatPopupShown`. [inject-field]
HINT  | TurnFlow.lua:1520:11 | Fields cannot be injected into the reference of `{ boardWidgetRef = table, boardLayoutW = any, boardLayoutH = any, ... }` for `_winShownAt`. [inject-field]
HINT  | TurnFlow.lua:1548:11 | Fields cannot be injected into the reference of `{ boardWidgetRef = table, boardLayoutW = any, boardLayoutH = any, ... }` for `_defeatPopupDelay`. [inject-field]
HINT  | TurnFlow.lua:1676:19 | Fields cannot be injected into the reference of `{ boardWidgetRef = table, boardLayoutW = any, boardLayoutH = any, ... }` for `_chapterClearPopupRef`. [inject-field]
HINT  | TurnFlow.lua:1696:15 | Fields cannot be injected into the reference of `{ boardWidgetRef = table, boardLayoutW = any, boardLayoutH = any, ... }` for `_chapterClearPopupRef`. [inject-field]
HINT  | TurnFlow.lua:1807:7 | Fields cannot be injected into the reference of `{ boardWidgetRef = table, boardLayoutW = any, boardLayoutH = any, ... }` for `_chapterClearPopupRef`. [inject-field]
HINT  | TurnFlow.lua:1861:7 | Fields cannot be injected into the reference of `{ boardWidgetRef = table, boardLayoutW = any, boardLayoutH = any, ... }` for `_defeatPopupShown`. [inject-field]
HINT  | TurnFlow.lua:1862:7 | Fields cannot be injected into the reference of `{ boardWidgetRef = table, boardLayoutW = any, boardLayoutH = any, ... }` for `_defeatPopupRef`. [inject-field]
HINT  | TurnFlow.lua:1880:11 | Fields cannot be injected into the reference of `{ boardWidgetRef = table, boardLayoutW = any, boardLayoutH = any, ... }` for `_defeatPopupDelay`. [inject-field]
HINT  | TurnFlow.lua:1882:15 | Fields cannot be injected into the reference of `{ boardWidgetRef = table, boardLayoutW = any, boardLayoutH = any, ... }` for `_defeatPopupDelay`. [inject-field]
HINT  | TurnFlow.lua:1929:11 | Fields cannot be injected into the reference of `{ boardWidgetRef = table, boardLayoutW = any, boardLayoutH = any, ... }` for `comboRewardTimer`. [inject-field]
HINT  | TurnFlow.lua:1930:11 | Fields cannot be injected into the reference of `{ boardWidgetRef = table, boardLayoutW = any, boardLayoutH = any, ... }` for `comboRewardElapsed`. [inject-field]
HINT  | TurnFlow.lua:1956:19 | Fields cannot be injected into the reference of `{ boardWidgetRef = table, boardLayoutW = any, boardLayoutH = any, ... }` for `comboRewardTimer`. [inject-field]
HINT  | TurnFlow.lua:1957:19 | Fields cannot be injected into the reference of `{ boardWidgetRef = table, boardLayoutW = any, boardLayoutH = any, ... }` for `comboRewardElapsed`. [inject-field]
HINT  | TurnFlow.lua:2015:19 | Fields cannot be injected into the reference of `{ boardWidgetRef = table, boardLayoutW = any, boardLayoutH = any, ... }` for `bossCasting`. [inject-field]
HINT  | TurnFlow.lua:2032:23 | Fields cannot be injected into the reference of `{ boardWidgetRef = table, boardLayoutW = any, boardLayoutH = any, ... }` for `bossCasting`. [inject-field]
HINT  | TurnFlow.lua:2073:23 | Fields cannot be injected into the reference of `{ boardWidgetRef = table, boardLayoutW = any, boardLayoutH = any, ... }` for `_winWatchdogTimer`. [inject-field]
HINT  | TurnFlow.lua:2076:27 | Fields cannot be injected into the reference of `{ boardWidgetRef = table, boardLayoutW = any, boardLayoutH = any, ... }` for `_winWatchdogTimer`. [inject-field]
HINT  | TurnFlow.lua:2078:23 | Fields cannot be injected into the reference of `{ boardWidgetRef = table, boardLayoutW = any, boardLayoutH = any, ... }` for `_winWatchdogTimer`. [inject-field]
HINT  | TurnFlow.lua:2080:27 | Fields cannot be injected into the reference of `{ boardWidgetRef = table, boardLayoutW = any, boardLayoutH = any, ... }` for `_winWatchdogTimer`. [inject-field]
HINT  | TurnFlow.lua:2090:19 | Fields cannot be injected into the reference of `{ boardWidgetRef = table, boardLayoutW = any, boardLayoutH = any, ... }` for `_winWatchdogTimer`. [inject-field]
HINT  | TurnFlow.lua:2093:15 | Fields cannot be injected into the reference of `{ boardWidgetRef = table, boardLayoutW = any, boardLayoutH = any, ... }` for `_winWatchdogTimer`. [inject-field]
HINT  | TurnFlow.lua:2100:19 | Fields cannot be injected into the reference of `{ boardWidgetRef = table, boardLayoutW = any, boardLayoutH = any, ... }` for `_winShownAt`. [inject-field]
HINT  | TurnFlow.lua:2109:19 | Fields cannot be injected into the reference of `{ boardWidgetRef = table, boardLayoutW = any, boardLayoutH = any, ... }` for `_winPhaseStuckTimer`. [inject-field]
HINT  | TurnFlow.lua:2111:15 | Fields cannot be injected into the reference of `{ boardWidgetRef = table, boardLayoutW = any, boardLayoutH = any, ... }` for `_winPhaseStuckTimer`. [inject-field]
HINT  | TurnFlow.lua:2113:19 | Fields cannot be injected into the reference of `{ boardWidgetRef = table, boardLayoutW = any, boardLayoutH = any, ... }` for `_winPhaseStuckTimer`. [inject-field]
HINT  | TurnFlow.lua:2118:15 | Fields cannot be injected into the reference of `{ boardWidgetRef = table, boardLayoutW = any, boardLayoutH = any, ... }` for `_winPhaseStuckTimer`. [inject-field]
HINT  | TurnFlow.lua:2125:19 | Fields cannot be injected into the reference of `{ boardWidgetRef = table, boardLayoutW = any, boardLayoutH = any, ... }` for `_enemyTurnStuckTimer`. [inject-field]
HINT  | TurnFlow.lua:2127:15 | Fields cannot be injected into the reference of `{ boardWidgetRef = table, boardLayoutW = any, boardLayoutH = any, ... }` for `_enemyTurnStuckTimer`. [inject-field]
HINT  | TurnFlow.lua:2149:19 | Fields cannot be injected into the reference of `{ boardWidgetRef = table, boardLayoutW = any, boardLayoutH = any, ... }` for `_enemyTurnStuckTimer`. [inject-field]
HINT  | TurnFlow.lua:2163:15 | Fields cannot be injected into the reference of `{ boardWidgetRef = table, boardLayoutW = any, boardLayoutH = any, ... }` for `_enemyTurnStuckTimer`. [inject-field]
HINT  | TurnFlow.lua:2172:23 | Fields cannot be injected into the reference of `{ boardWidgetRef = table, boardLayoutW = any, boardLayoutH = any, ... }` for `_loseStuckTimer`. [inject-field]
HINT  | TurnFlow.lua:2174:19 | Fields cannot be injected into the reference of `{ boardWidgetRef = table, boardLayoutW = any, boardLayoutH = any, ... }` for `_loseStuckTimer`. [inject-field]
HINT  | TurnFlow.lua:2177:23 | Fields cannot be injected into the reference of `{ boardWidgetRef = table, boardLayoutW = any, boardLayoutH = any, ... }` for `_loseStuckTimer`. [inject-field]
HINT  | TurnFlow.lua:2181:19 | Fields cannot be injected into the reference of `{ boardWidgetRef = table, boardLayoutW = any, boardLayoutH = any, ... }` for `_loseStuckTimer`. [inject-field]
HINT  | TurnFlow.lua:2184:15 | Fields cannot be injected into the reference of `{ boardWidgetRef = table, boardLayoutW = any, boardLayoutH = any, ... }` for `_loseStuckTimer`. [inject-field]
HINT  | TurnFlow.lua:2190:19 | Fields cannot be injected into the reference of `{ boardWidgetRef = table, boardLayoutW = any, boardLayoutH = any, ... }` for `_heroDeadTimer`. [inject-field]
HINT  | TurnFlow.lua:2193:23 | Fields cannot be injected into the reference of `{ boardWidgetRef = table, boardLayoutW = any, boardLayoutH = any, ... }` for `_heroDeadTimer`. [inject-field]
HINT  | TurnFlow.lua:2199:19 | Fields cannot be injected into the reference of `{ boardWidgetRef = table, boardLayoutW = any, boardLayoutH = any, ... }` for `_heroDeadTimer`. [inject-field]
HINT  | TurnFlow.lua:2202:15 | Fields cannot be injected into the reference of `{ boardWidgetRef = table, boardLayoutW = any, boardLayoutH = any, ... }` for `_heroDeadTimer`. [inject-field]
HINT  | TurnFlow.lua:2209:19 | Fields cannot be injected into the reference of `{ boardWidgetRef = table, boardLayoutW = any, boardLayoutH = any, ... }` for `_spotlightStuckTimer`. [inject-field]
HINT  | TurnFlow.lua:2214:23 | Fields cannot be injected into the reference of `{ boardWidgetRef = table, boardLayoutW = any, boardLayoutH = any, ... }` for `_spotlightStuckTimer`. [inject-field]
HINT  | TurnFlow.lua:2215:23 | Fields cannot be injected into the reference of `{ boardWidgetRef = table, boardLayoutW = any, boardLayoutH = any, ... }` for `comboSpotlightShowing`. [inject-field]
HINT  | TurnFlow.lua:2216:23 | Fields cannot be injected into the reference of `{ boardWidgetRef = table, boardLayoutW = any, boardLayoutH = any, ... }` for `comboRewardTimer`. [inject-field]
HINT  | TurnFlow.lua:2221:19 | Fields cannot be injected into the reference of `{ boardWidgetRef = table, boardLayoutW = any, boardLayoutH = any, ... }` for `_comboWaitStuckTimer`. [inject-field]
HINT  | TurnFlow.lua:2224:23 | Fields cannot be injected into the reference of `{ boardWidgetRef = table, boardLayoutW = any, boardLayoutH = any, ... }` for `_comboWaitStuckTimer`. [inject-field]
HINT  | TurnFlow.lua:2226:19 | Fields cannot be injected into the reference of `{ boardWidgetRef = table, boardLayoutW = any, boardLayoutH = any, ... }` for `_comboWaitStuckTimer`. [inject-field]
HINT  | TurnFlow.lua:2229:23 | Fields cannot be injected into the reference of `{ boardWidgetRef = table, boardLayoutW = any, boardLayoutH = any, ... }` for `_comboWaitStuckTimer`. [inject-field]
HINT  | TurnFlow.lua:2230:23 | Fields cannot be injected into the reference of `{ boardWidgetRef = table, boardLayoutW = any, boardLayoutH = any, ... }` for `comboRewardTimer`. [inject-field]
HINT  | TurnFlow.lua:2235:15 | Fields cannot be injected into the reference of `{ boardWidgetRef = table, boardLayoutW = any, boardLayoutH = any, ... }` for `_comboWaitStuckTimer`. [inject-field]
HINT  | TurnFlow.lua:2245:19 | Fields cannot be injected into the reference of `{ boardWidgetRef = table, boardLayoutW = any, boardLayoutH = any, ... }` for `_executeWatchdogLastIdx`. [inject-field]
HINT  | TurnFlow.lua:2246:19 | Fields cannot be injected into the reference of `{ boardWidgetRef = table, boardLayoutW = any, boardLayoutH = any, ... }` for `_executeWatchdogStuckTime`. [inject-field]
HINT  | TurnFlow.lua:2248:19 | Fields cannot be injected into the reference of `{ boardWidgetRef = table, boardLayoutW = any, boardLayoutH = any, ... }` for `_executeWatchdogStuckTime`. [inject-field]
HINT  | TurnFlow.lua:2253:23 | Fields cannot be injected into the reference of `{ boardWidgetRef = table, boardLayoutW = any, boardLayoutH = any, ... }` for `_executeWatchdogStuckTime`. [inject-field]
HINT  | TurnFlow.lua:2254:23 | Fields cannot be injected into the reference of `{ boardWidgetRef = table, boardLayoutW = any, boardLayoutH = any, ... }` for `_executeWatchdogLastIdx`. [inject-field]
HINT  | TurnFlow.lua:2271:15 | Fields cannot be injected into the reference of `{ boardWidgetRef = table, boardLayoutW = any, boardLayoutH = any, ... }` for `_executeWatchdogLastIdx`. [inject-field]
HINT  | TurnFlow.lua:2272:15 | Fields cannot be injected into the reference of `{ boardWidgetRef = table, boardLayoutW = any, boardLayoutH = any, ... }` for `_executeWatchdogStuckTime`. [inject-field]
HINT  | TurnFlow.lua:366:27 | Fields cannot be injected into the reference of `never` for `_shield`. [inject-field]
HINT  | TurnFlow.lua:442:14 | Fields cannot be injected into the reference of `never` for `silencedTurns`. [inject-field]
HINT  | TurnFlow.lua:444:18 | Fields cannot be injected into the reference of `never` for `silencedTurns`. [inject-field]
HINT  | TurnFlow.lua:478:14 | Fields cannot be injected into the reference of `never` for `hp`. [inject-field]
HINT  | TurnFlow.lua:489:14 | Fields cannot be injected into the reference of `never` for `hp`. [inject-field]
HINT  | TurnFlow.lua:1049:35 | Fields cannot be injected into the reference of `never` for `hp`. [inject-field]
HINT  | TurnFlow.lua:1092:27 | Fields cannot be injected into the reference of `never` for `hp`. [inject-field]
HINT  | TurnFlow.lua:1544:14 | Fields cannot be injected into the reference of `never` for `_dead`. [inject-field]
HINT  | TurnFlow.lua:1545:14 | Fields cannot be injected into the reference of `never` for `_deadStartTime`. [inject-field]
HINT  | TurnFlow.lua:1546:14 | Fields cannot be injected into the reference of `never` for `_deadDuration`. [inject-field]
HINT  | TurnFlow.lua:2157:21 | Prefer use local alias variable 'b' [preferred-local-alias]
HINT  | TurnFlow.lua:2158:21 | Prefer use local alias variable 'b' [preferred-local-alias]
HINT  | WheelPopup.lua:70:7 | MAX_PARTICLES is never used, if this is intentional, prefix it with an underscore: _MAX_PARTICLES [unused]
HINT  | test_splitting_urchin.lua:19:31 | board is never used, if this is intentional, prefix it with an underscore: _board [unused]
HINT  | main.lua:202:23 | eventType is never used, if this is intentional, prefix it with an underscore: _eventType [unused]
HINT  | main.lua:233:24 | eventType is never used, if this is intentional, prefix it with an underscore: _eventType [unused]
